,Date,TA-pob√≥r,TA-generacja,pv,Heating,HotWater,ProducedHeating,ProducedHotWater,CoP,year,month,day
0,2020-10-01,54.584,1.133,2.89,0.0,0.0,0.0,0.0,0.0,2020,10,1
1,2020-10-02,37.419,14.246,16.49,0.0,0.0,0.0,0.0,0.0,2020,10,2
2,2020-10-03,12.053,35.169,40.3,0.0,0.0,0.0,0.0,0.0,2020,10,3
3,2020-10-04,9.005,17.717,20.69,0.0,0.0,0.0,0.0,0.0,2020,10,4
4,2020-10-05,11.902,21.921,23.26,0.0,0.0,0.0,0.0,0.0,2020,10,5
5,2020-10-06,7.859,28.37,29.69,0.0,0.0,0.0,0.0,0.0,2020,10,6
6,2020-10-07,10.285,14.767,17.0,0.0,0.0,0.0,0.0,0.0,2020,10,7
7,2020-10-08,9.754,27.394,28.87,0.0,0.0,0.0,0.0,0.0,2020,10,8
8,2020-10-09,7.819,3.899,5.02,0.0,0.0,0.0,0.0,0.0,2020,10,9
9,2020-10-10,40.191,16.084,17.64,0.0,0.0,0.0,0.0,0.0,2020,10,10
10,2020-10-11,8.441,17.8,21.13,0.0,0.0,0.0,0.0,0.0,2020,10,11
11,2020-10-12,43.78,6.062,7.54,0.0,0.0,0.0,0.0,0.0,2020,10,12
12,2020-10-13,38.834,3.316,4.08,0.0,0.0,0.0,0.0,0.0,2020,10,13
13,2020-10-14,52.821,3.411,4.84,0.0,0.0,0.0,0.0,0.0,2020,10,14
14,2020-10-15,15.228,8.44,13.04,0.0,0.0,0.0,0.0,0.0,2020,10,15
15,2020-10-16,35.517,10.36,12.05,0.0,0.0,0.0,0.0,0.0,2020,10,16
16,2020-10-17,31.26,0.0,2.21,0.0,0.0,0.0,0.0,0.0,2020,10,17
17,2020-10-18,25.067,2.739,9.69,0.0,0.0,0.0,0.0,0.0,2020,10,18
18,2020-10-19,21.591,11.729,18.58,0.0,0.0,0.0,0.0,0.0,2020,10,19
19,2020-10-20,19.871,24.317,33.33,0.0,0.0,0.0,0.0,0.0,2020,10,20
20,2020-10-21,21.757,10.68,12.81,0.0,0.0,0.0,0.0,0.0,2020,10,21
21,2020-10-22,11.563,21.112,23.03,0.0,0.0,0.0,0.0,0.0,2020,10,22
22,2020-10-23,11.175,10.319,12.23,145.6,22.574,558.11,49.61,2.825035561877667,2020,10,23
23,2020-10-24,19.287,12.014,18.36,12.48,4.09,43.28,10.28,3.232347616173808,2020,10,24
24,2020-10-25,22.657,29.847,33.8,19.07,2.87,40.88,5.91,2.132634457611668,2020,10,25
25,2020-10-26,14.229,18.573,20.51,8.5,2.5,20.87,5.65,2.410909090909091,2020,10,26
26,2020-10-27,15.618,2.196,3.64,8.53,2.09,21.69,4.58,2.473634651600753,2020,10,27
27,2020-10-28,21.97,25.949,30.59,15.86,2.15,42.87,4.62,2.636868406440866,2020,10,28
28,2020-10-29,13.915,5.223,6.71,10.17,1.08,27.03,2.33,2.609777777777778,2020,10,29
29,2020-10-30,11.738,0.428,2.41,0.0,0.0,0.0,0.0,0.0,2020,10,30
30,2020-10-31,17.188,3.464,9.78,20.32,4.44,52.9,9.84,2.533925686591276,2020,10,31
31,2021-10-01,8.568,42.155,50.74,6.95,2.75,20.8,5.96,2.758762886597939,2021,10,1
32,2021-10-02,10.941,35.568,43.25,6.84,3.6,19.13,8.189,2.61676245210728,2021,10,2
33,2021-10-03,5.471,43.248,48.92,1.34,2.46,0.0,5.78,1.521052631578947,2021,10,3
34,2021-10-04,7.205,39.324,44.47,1.44,2.32,0.0,5.72,1.521276595744681,2021,10,4
35,2021-10-05,6.172,38.913,44.15,1.27,3.02,0.0,7.18,1.673659673659674,2021,10,5
36,2021-10-06,10.043,4.05,5.9,1.2,3.14,0.0,7.3,1.682027649769585,2021,10,6
37,2021-10-07,13.278,4.795,6.61,8.08,2.11,25.23,4.87,2.95387634936212,2021,10,7
38,2021-10-08,19.742,37.821,50.71,12.72,3.21,30.14,6.21,2.281858129315756,2021,10,8
39,2021-10-09,19.634,43.964,51.77,14.83,4.29,39.14,8.98,2.51673640167364,2021,10,9
40,2021-10-10,18.687,41.538,49.44,13.04,3.719,32.0,6.99,2.326511128348947,2021,10,10
41,2021-10-11,19.735,22.103,28.07,14.2,2.37,31.96,4.91,2.225105612552806,2021,10,11
42,2021-10-12,24.873,10.527,14.58,17.14,2.5,52.3,5.29,2.932281059063137,2021,10,12
43,2021-10-13,21.397,9.436,17.86,15.26,4.21,42.61,7.939,2.596250642013354,2021,10,13
44,2021-10-14,16.641,4.973,10.99,12.51,3.04,31.73,5.84,2.416077170418006,2021,10,14
45,2021-10-15,15.811,25.93,31.99,9.03,3.04,28.2,6.42,2.868268434134217,2021,10,15
46,2021-10-16,23.749,11.29,18.48,11.63,6.23,31.89,12.72,2.497760358342665,2021,10,16
47,2021-10-17,20.433,5.773,9.16,12.47,2.95,36.07,6.12,2.736057068741894,2021,10,17
48,2021-10-18,20.455,2.719,7.47,11.05,2.56,37.07,5.31,3.113886847905952,2021,10,18
49,2021-10-19,10.776,31.764,38.1,7.6,3.41,22.02,7.29,2.662125340599455,2021,10,19
50,2021-10-20,13.746,20.062,23.82,5.72,2.43,16.079,5.89,2.69558282208589,2021,10,20
51,2021-10-21,13.608,4.112,9.07,5.33,2.46,18.52,5.27,3.053915275994865,2021,10,21
52,2021-10-22,19.436,31.248,35.97,13.03,3.33,35.64,6.38,2.568459657701712,2021,10,22
53,2021-10-23,19.125,20.588,30.05,11.2,3.71,29.62,7.47,2.487592219986587,2021,10,23
54,2021-10-24,29.031,34.259,41.6,23.15,2.56,53.92,4.9,2.2878257487359,2021,10,24
55,2021-10-25,20.758,37.844,43.22,13.59,4.059,34.08,7.15,2.33610969460026,2021,10,25
56,2021-10-26,17.601,20.127,28.36,13.55,3.07,38.54,6.4,2.703971119133574,2021,10,26
57,2021-10-27,12.909,24.37,31.58,9.62,2.29,28.0,4.64,2.740554156171285,2021,10,27
58,2021-10-28,14.477,33.165,40.33,10.32,4.73,29.5,9.3,2.578073089700996,2021,10,28
59,2021-10-29,15.956,36.306,41.54,13.4,1.16,35.6,2.35,2.606456043956044,2021,10,29
60,2021-10-30,18.536,34.072,40.99,9.46,3.2,25.21,6.86,2.533175355450237,2021,10,30
61,2021-10-31,13.325,32.243,38.11,7.87,3.2,22.42,6.67,2.627822944896116,2021,10,31
62,2022-10-01,19.442,13.332,14.81,5.08,4.18,13.56,9.0,2.436285097192225,2022,10,1
63,2022-10-02,11.759,21.534,28.56,4.92,2.96,13.98,6.64,2.616751269035533,2022,10,2
64,2022-10-03,14.5,8.786,15.83,10.57,2.76,36.28,5.9,3.164291072768192,2022,10,3
65,2022-10-04,10.579,33.47,40.09,7.26,2.5,22.22,5.11,2.800204918032787,2022,10,4
66,2022-10-05,10.922,22.107,31.01,7.07,2.29,21.96,5.02,2.882478632478633,2022,10,5
67,2022-10-06,15.112,13.66,19.0,4.79,3.39,13.21,7.68,2.553789731051345,2022,10,6
68,2022-10-07,14.087,37.355,45.18,8.58,4.52,25.1,10.29,2.701526717557252,2022,10,7
69,2022-10-08,9.684,12.685,17.56,2.52,2.74,5.56,6.72,2.334600760456274,2022,10,8
70,2022-10-09,13.367,38.639,45.18,8.34,2.26,20.92,4.42,2.390566037735849,2022,10,9
71,2022-10-10,14.738,36.979,46.33,10.11,3.61,26.66,7.99,2.525510204081633,2022,10,10
72,2022-10-11,6.062,38.325,44.76,3.99,2.4,9.96,4.8,2.309859154929577,2022,10,11
73,2022-10-12,19.162,40.402,48.32,11.68,3.84,32.619,7.12,2.560502577319587,2022,10,12
74,2022-10-13,12.455,35.731,44.78,9.64,1.49,29.17,3.31,2.918238993710691,2022,10,13
75,2022-10-14,12.863,25.374,30.85,9.6,3.469,28.87,7.36,2.772209044303313,2022,10,14
76,2022-10-15,18.325,5.664,10.18,4.62,6.09,12.58,14.82,2.558356676003735,2022,10,15
77,2022-10-16,11.096,17.285,21.4,5.34,3.08,17.13,7.19,2.888361045130641,2022,10,16
78,2022-10-17,9.317,35.796,42.85,1.18,4.019,0.0,9.22,1.773417964993268,2022,10,17
79,2022-10-18,6.797,25.717,28.04,1.14,2.19,0.0,5.27,1.582582582582582,2022,10,18
80,2022-10-19,11.716,5.307,10.47,7.88,3.35,24.9,6.47,2.793410507569011,2022,10,19
81,2022-10-20,13.409,38.023,47.78,12.47,3.51,32.83,6.81,2.480600750938673,2022,10,20
82,2022-10-21,23.336,12.132,18.48,11.95,3.18,33.25,6.76,2.644415069398546,2022,10,21
83,2022-10-22,17.09,1.41,4.98,6.45,4.22,19.1,10.06,2.732895970009372,2022,10,22
84,2022-10-23,10.305,25.526,31.42,5.75,3.44,15.07,8.22,2.534276387377584,2022,10,23
85,2022-10-24,11.138,20.832,25.72,5.06,3.27,15.66,7.77,2.812725090036015,2022,10,24
86,2022-10-25,8.907,18.58,21.56,1.48,3.37,0.0,7.68,1.583505154639175,2022,10,25
87,2022-10-26,12.583,32.85,41.73,8.8,3.44,24.59,7.74,2.641339869281046,2022,10,26
88,2022-10-27,8.346,26.418,32.45,6.05,2.69,15.66,5.92,2.469107551487414,2022,10,27
89,2022-10-28,8.852,28.363,34.69,4.38,2.04,12.46,4.75,2.680685358255452,2022,10,28
90,2022-10-29,9.131,19.877,26.14,1.47,3.61,0.0,8.81,1.734251968503937,2022,10,29
91,2022-10-30,7.658,27.162,31.4,1.359,2.49,0.03,5.88,1.535463756819953,2022,10,30
92,2022-10-31,6.871,32.21,35.69,0.0,0.0,0.0,0.0,0.0,2022,10,31
93,2020-11-01,24.254,16.936,19.95,22.27,2.67,56.71,5.63,2.499599037690457,2020,11,1
94,2020-11-02,21.083,1.692,3.59,12.89,1.87,43.39,4.9,3.271680216802168,2020,11,2
95,2020-11-03,11.34,2.955,4.84,5.25,1.88,15.41,4.28,2.761570827489481,2020,11,3
96,2020-11-04,10.864,6.281,12.66,9.43,2.15,20.72,4.46,2.174438687392055,2020,11,4
97,2020-11-05,24.867,22.501,32.7,26.56,2.93,58.92,5.73,2.192268565615463,2020,11,5
98,2020-11-06,28.795,0.404,5.49,23.3,3.14,64.18,7.12,2.696671709531013,2020,11,6
99,2020-11-07,27.013,3.974,7.71,21.64,3.46,63.93,7.48,2.845019920318725,2020,11,7
100,2020-11-08,22.318,24.739,33.0,19.28,3.54,49.42,7.17,2.479842243645925,2020,11,8
101,2020-11-09,26.072,0.351,2.67,19.55,2.52,54.39,4.55,2.670593565926597,2020,11,9
102,2020-11-10,23.563,0.157,1.54,17.65,1.83,51.73,4.13,2.867556468172484,2020,11,10
103,2020-11-11,27.178,0.655,3.32,19.61,1.99,52.85,4.54,2.656944444444444,2020,11,11
104,2020-11-12,22.352,0.638,2.9,16.89,2.3,45.76,4.81,2.635226680562793,2020,11,12
105,2020-11-13,23.795,16.768,20.59,15.26,1.79,43.78,3.69,2.7841642228739,2020,11,13
106,2020-11-14,25.986,0.25,3.35,15.64,3.78,45.33,9.28,2.812049433573635,2020,11,14
107,2020-11-15,18.851,21.7,27.9,15.35,1.66,41.82,3.52,2.66549088771311,2020,11,15
108,2020-11-16,26.31,2.684,5.67,19.55,2.9,52.29,6.77,2.630734966592428,2020,11,16
109,2020-11-17,18.256,4.87,8.2,13.48,1.22,43.16,2.86,3.130612244897959,2020,11,17
110,2020-11-18,20.19,3.769,7.1,14.71,0.99,48.22,2.32,3.219108280254777,2020,11,18
111,2020-11-19,22.391,12.804,15.99,17.72,1.859,48.65,3.65,2.671229378415649,2020,11,19
112,2020-11-20,30.144,15.377,23.91,26.96,2.45,67.91,4.58,2.464807888473308,2020,11,20
113,2020-11-21,37.482,19.936,27.2,28.26,3.89,67.2,7.46,2.322239502332815,2020,11,21
114,2020-11-22,25.281,4.833,8.32,19.04,2.09,47.58,4.15,2.448177946048272,2020,11,22
115,2020-11-23,26.572,7.311,13.11,22.3,1.97,58.84,4.52,2.610630407911001,2020,11,23
116,2020-11-24,25.43,20.517,28.2,24.22,1.05,58.62,2.14,2.404432132963989,2020,11,24
117,2020-11-25,29.55,24.414,29.94,25.52,2.22,59.25,4.41,2.294881038211968,2020,11,25
118,2020-11-26,30.891,17.309,25.12,25.95,2.56,63.1,4.95,2.386881795861101,2020,11,26
119,2020-11-27,33.815,0.026,1.48,21.95,2.029,56.63,4.55,2.551399140914967,2020,11,27
120,2020-11-28,36.032,1.052,4.28,28.22,3.46,71.98,7.72,2.515782828282828,2020,11,28
121,2020-11-29,35.433,0.041,2.44,26.25,2.41,68.75,4.39,2.5519888346127,2020,11,29
122,2020-11-30,37.862,0.228,3.19,29.61,3.33,72.4,6.36,2.391013964784457,2020,11,30
123,2021-11-01,10.123,29.432,37.41,8.48,1.98,26.37,4.24,2.926386233269598,2021,11,1
124,2021-11-02,18.75,0.609,3.98,8.41,3.34,25.62,6.54,2.737021276595744,2021,11,2
125,2021-11-03,11.731,28.768,35.68,9.34,2.54,26.41,5.39,2.676767676767676,2021,11,3
126,2021-11-04,25.045,7.107,9.54,14.37,4.34,43.69,9.11,2.822020309994655,2021,11,4
127,2021-11-05,19.626,1.401,4.22,11.93,2.34,34.51,4.52,2.73510861948143,2021,11,5
128,2021-11-06,21.712,14.369,21.9,10.97,4.939,31.05,10.22,2.594129109309196,2021,11,6
129,2021-11-07,28.526,3.632,8.82,18.23,3.9,51.29,7.76,2.668323542702214,2021,11,7
130,2021-11-08,24.82,0.373,2.66,17.39,3.14,51.0,6.61,2.806137359961033,2021,11,8
131,2021-11-09,19.74,2.786,8.7,13.8,2.75,39.45,5.34,2.706344410876133,2021,11,9
132,2021-11-10,21.727,24.759,31.96,17.72,3.52,52.24,6.62,2.771186440677966,2021,11,10
133,2021-11-11,21.64,21.238,30.02,16.7,2.92,39.43,5.52,2.291029561671764,2021,11,11
134,2021-11-12,36.167,1.411,8.65,24.0,3.36,58.25,6.87,2.380116959064328,2021,11,12
135,2021-11-13,20.489,10.77,18.54,14.12,3.84,39.97,7.41,2.638084632516704,2021,11,13
136,2021-11-14,30.489,2.828,11.5,26.22,3.41,64.42,6.05,2.378332770840364,2021,11,14
137,2021-11-15,29.013,0.269,1.82,17.95,4.7,52.58,9.37,2.735099337748345,2021,11,15
138,2021-11-16,23.694,8.175,13.53,14.77,3.38,42.15,6.25,2.666666666666667,2021,11,16
139,2021-11-17,30.674,0.395,3.14,22.89,3.74,61.68,7.36,2.592564776567781,2021,11,17
140,2021-11-18,21.944,2.063,7.98,12.0,3.77,33.77,7.5,2.616994292961319,2021,11,18
141,2021-11-19,27.629,0.184,1.07,16.85,2.12,52.27,4.43,2.988929889298893,2021,11,19
142,2021-11-20,24.336,0.172,1.48,9.44,4.37,29.0,9.18,2.764663287472846,2021,11,20
143,2021-11-21,22.294,4.815,7.57,11.67,3.45,34.29,6.61,2.705026455026455,2021,11,21
144,2021-11-22,25.331,1.454,5.13,18.04,4.3,49.81,8.2,2.596687555953447,2021,11,22
145,2021-11-23,32.856,3.837,9.68,24.21,3.35,61.53,6.45,2.466618287373004,2021,11,23
146,2021-11-24,29.39,3.083,5.75,15.5,4.019,44.57,7.77,2.681489830421641,2021,11,24
147,2021-11-25,31.845,10.115,19.86,26.93,3.82,63.8,7.43,2.316422764227642,2021,11,25
148,2021-11-26,45.642,0.001,1.79,26.56,5.37,63.37,9.24,2.274036955840902,2021,11,26
149,2021-11-27,31.935,7.347,14.53,24.38,5.2,56.69,9.27,2.229885057471264,2021,11,27
150,2021-11-28,39.474,0.01,1.62,29.08,3.07,69.95,5.4,2.343701399688958,2021,11,28
151,2021-11-29,49.038,0.003,0.68,37.05,3.89,87.55,6.66,2.301172447484123,2021,11,29
152,2021-11-30,40.879,0.041,3.66,27.79,2.39,65.15,4.12,2.295228628230616,2021,11,30
153,2022-11-01,13.478,17.915,24.2,8.56,3.56,29.1,7.689,3.035396039603961,2022,11,1
154,2022-11-02,6.442,29.255,35.37,4.09,2.22,11.17,4.5,2.483359746434231,2022,11,2
155,2022-11-03,26.743,26.007,33.08,15.51,3.41,46.93,6.47,2.822410147991543,2022,11,3
156,2022-11-04,17.668,3.637,5.52,11.93,2.18,40.21,4.78,3.188518781006379,2022,11,4
157,2022-11-05,23.952,2.029,6.12,16.87,3.37,53.93,6.21,2.971343873517787,2022,11,5
158,2022-11-06,15.888,28.76,36.87,11.52,2.41,26.68,4.55,2.241923905240488,2022,11,6
159,2022-11-07,17.024,11.009,16.31,11.7,3.5,34.13,7.15,2.715789473684211,2022,11,7
160,2022-11-08,13.064,26.611,32.91,10.53,3.36,28.76,6.42,2.532757379409647,2022,11,8
161,2022-11-09,15.787,16.665,20.77,11.43,2.36,32.29,4.71,2.683103698332125,2022,11,9
162,2022-11-10,15.221,9.431,14.02,8.32,4.01,25.79,8.09,2.747769667477697,2022,11,10
163,2022-11-11,27.595,7.108,12.09,12.21,3.29,35.44,6.66,2.716129032258065,2022,11,11
164,2022-11-12,23.551,20.279,29.47,11.52,4.48,29.41,9.38,2.424375,2022,11,12
165,2022-11-13,20.708,2.67,4.92,12.53,4.38,37.04,8.68,2.703725606150207,2022,11,13
166,2022-11-14,20.37,15.594,24.1,15.0,4.03,41.72,6.65,2.541776142932212,2022,11,14
167,2022-11-15,18.03,23.804,30.09,14.07,2.67,35.59,4.61,2.401433691756273,2022,11,15
168,2022-11-16,32.231,0.034,0.96,20.82,3.98,55.87,6.88,2.530241935483871,2022,11,16
169,2022-11-17,37.052,0.181,1.94,22.45,3.57,55.46,6.92,2.39738662567256,2022,11,17
170,2022-11-18,35.756,0.03,2.79,26.46,3.94,59.15,6.52,2.160197368421053,2022,11,18
171,2022-11-19,34.683,14.999,28.58,28.94,6.74,66.04,11.58,2.175448430493274,2022,11,19
172,2022-11-20,30.398,19.665,32.76,30.05,4.67,68.33,6.89,2.16647465437788,2022,11,20
173,2022-11-21,41.998,0.018,3.27,29.24,4.73,71.79,7.77,2.34206652929055,2022,11,21
174,2022-11-22,39.926,1.176,6.89,28.74,4.019,68.79,6.72,2.305015415610977,2022,11,22
175,2022-11-23,33.456,4.664,11.24,28.45,3.53,66.05,5.56,2.23921200750469,2022,11,23
176,2022-11-24,35.678,0.446,4.42,25.09,2.98,58.26,5.27,2.263270395439971,2022,11,24
177,2022-11-25,29.715,1.269,4.89,22.12,2.88,58.49,5.3,2.5516,2022,11,25
178,2022-11-26,37.192,0.124,2.39,21.5,4.74,56.92,8.59,2.49657012195122,2022,11,26
179,2022-11-27,31.358,0.574,3.89,21.37,4.3,57.23,7.43,2.518893650175301,2022,11,27
180,2022-11-28,30.45,8.061,14.95,23.05,3.81,52.62,6.63,2.205882352941177,2022,11,28
181,2022-11-29,29.826,1.664,8.0,23.31,4.42,55.99,7.48,2.288856833754057,2022,11,29
182,2022-11-30,35.134,0.034,1.49,25.79,3.16,57.47,5.08,2.160621761658031,2022,11,30
183,2020-12-01,36.02,17.502,26.02,33.91,3.5,78.6,6.72,2.280673616680032,2020,12,1
184,2020-12-02,37.582,12.365,22.41,37.22,2.42,78.54,4.0,2.082240161453078,2020,12,2
185,2020-12-03,42.973,0.003,0.85,34.7,1.08,74.52,2.14,2.14253773057574,2020,12,3
186,2020-12-04,27.819,4.078,9.68,26.35,1.75,69.61,3.54,2.603202846975089,2020,12,4
187,2020-12-05,32.556,0.817,5.55,19.92,3.85,56.77,8.92,2.763567522086664,2020,12,5
188,2020-12-06,20.649,1.525,5.87,13.11,3.19,37.07,6.98,2.702453987730061,2020,12,6
189,2020-12-07,27.835,0.513,3.14,22.3,1.95,59.0,4.52,2.619381443298969,2020,12,7
190,2020-12-08,29.257,7.971,16.01,28.42,1.79,71.44,3.64,2.485269778219132,2020,12,8
191,2020-12-09,43.194,0.01,1.74,33.52,2.08,74.94,3.83,2.212640449438202,2020,12,9
192,2020-12-10,43.409,0.001,0.71,32.06,3.66,66.99,6.14,2.047312430011198,2020,12,10
193,2020-12-11,32.624,1.052,6.83,27.89,2.38,65.25,4.32,2.298315163528246,2020,12,11
194,2020-12-12,49.656,0.027,3.6,30.64,4.91,73.89,10.33,2.369057665260197,2020,12,12
195,2020-12-13,28.928,2.089,6.91,22.64,3.02,54.77,6.22,2.376851130163679,2020,12,13
196,2020-12-14,32.324,1.642,6.82,26.23,2.23,65.47,4.42,2.45572733661279,2020,12,14
197,2020-12-15,35.551,3.681,10.6,30.18,2.4,70.84,5.19,2.333640270104359,2020,12,15
198,2020-12-16,35.534,0.04,1.62,25.47,3.76,66.75,8.73,2.582278481012658,2020,12,16
199,2020-12-17,26.558,5.095,11.14,22.97,1.91,57.09,3.71,2.443729903536977,2020,12,17
200,2020-12-18,31.901,17.112,23.96,23.81,3.71,57.2,7.01,2.333212209302325,2020,12,18
201,2020-12-19,38.743,15.257,27.06,25.52,5.49,56.48,11.76,2.200580457916801,2020,12,19
202,2020-12-20,33.559,15.75,26.7,27.77,4.45,60.45,8.25,2.132216014897579,2020,12,20
203,2020-12-21,35.518,0.052,3.04,27.18,2.37,62.99,5.04,2.302199661590524,2020,12,21
204,2020-12-22,32.25,0.041,1.79,24.71,2.029,64.94,4.4,2.593215901866188,2020,12,22
205,2020-12-23,28.052,0.0,1.78,19.63,3.64,51.29,8.51,2.569832402234637,2020,12,23
206,2020-12-24,29.851,1.462,3.71,17.6,3.719,46.13,8.82,2.577513016558,2020,12,24
207,2020-12-25,34.378,0.053,1.77,27.14,1.04,61.46,2.17,2.257984386089425,2020,12,25
208,2020-12-26,35.611,0.018,3.64,28.97,2.98,62.81,5.78,2.14679186228482,2020,12,26
209,2020-12-27,30.834,11.791,23.77,31.37,2.16,69.13,4.43,2.193856248135998,2020,12,27
210,2020-12-28,37.177,0.003,3.51,28.54,2.5,73.16,5.65,2.538981958762887,2020,12,28
211,2020-12-29,29.047,8.671,17.05,25.85,1.95,62.39,3.6,2.373741007194244,2020,12,29
212,2020-12-30,41.543,2.296,5.59,26.94,3.81,57.14,7.73,2.10959349593496,2020,12,30
213,2020-12-31,36.176,14.61,25.51,32.6,5.54,66.34,9.97,2.000786575773466,2020,12,31
214,2021-12-01,38.401,0.356,4.49,24.49,4.68,64.98,9.15,2.541309564621186,2021,12,1
215,2021-12-02,26.261,13.936,20.41,17.51,4.42,49.8,7.58,2.616507067943457,2021,12,2
216,2021-12-03,27.031,19.585,30.57,25.62,3.02,65.86,4.92,2.471368715083799,2021,12,3
217,2021-12-04,41.991,0.008,2.49,26.04,6.12,68.25,11.73,2.486940298507463,2021,12,4
218,2021-12-05,42.83,0.001,0.38,26.51,5.36,65.99,9.29,2.362096015061186,2021,12,5
219,2021-12-06,47.254,0.002,0.43,32.99,3.02,77.32,5.13,2.289641766176063,2021,12,6
220,2021-12-07,53.965,0.0,0.32,34.92,5.34,77.07,8.35,2.121708892200695,2021,12,7
221,2021-12-08,50.302,0.0,0.14,37.9,4.7,82.47,7.93,2.122065727699531,2021,12,8
222,2021-12-09,50.675,0.0,0.16,36.67,4.21,79.8,6.97,2.122553816046966,2021,12,9
223,2021-12-10,40.887,2.225,7.43,33.91,3.24,74.62,4.8,2.137819650067295,2021,12,10
224,2021-12-11,49.822,0.022,2.95,34.03,5.99,74.27,10.42,2.116191904047976,2021,12,11
225,2021-12-12,44.462,5.862,15.9,37.89,4.99,79.96,7.89,2.048740671641791,2021,12,12
226,2021-12-13,46.362,0.038,3.11,28.72,7.15,70.39,12.12,2.300250906049624,2021,12,13
227,2021-12-14,35.006,0.002,1.69,24.1,2.4,62.04,4.91,2.526415094339623,2021,12,14
228,2021-12-15,30.504,0.322,1.61,16.45,4.59,46.37,9.09,2.635931558935361,2021,12,15
229,2021-12-16,29.087,0.001,1.16,18.35,3.75,52.16,7.32,2.691402714932126,2021,12,16
230,2021-12-17,32.432,0.047,3.02,24.36,2.48,63.7,4.77,2.551043219076006,2021,12,17
231,2021-12-18,43.234,0.0,1.88,21.52,7.44,56.35,14.72,2.454074585635359,2021,12,18
232,2021-12-19,29.606,0.0,1.48,21.45,2.41,58.49,4.66,2.646689019279128,2021,12,19
233,2021-12-20,41.007,0.01,1.99,31.67,3.11,74.51,5.06,2.287809085681426,2021,12,20
234,2021-12-21,44.36,0.649,7.05,34.73,3.7,74.25,6.05,2.089513400988811,2021,12,21
235,2021-12-22,47.171,2.797,10.21,37.33,6.09,78.04,9.62,2.018885306310456,2021,12,22
236,2021-12-23,57.242,0.013,2.99,38.74,5.06,83.34,8.62,2.099543378995434,2021,12,23
237,2021-12-24,40.756,0.001,1.04,28.05,3.53,68.57,7.09,2.395820139328689,2021,12,24
238,2021-12-25,52.091,8.511,19.79,46.45,6.1,96.94,9.39,2.023406279733587,2021,12,25
239,2021-12-26,53.586,14.289,28.57,54.4,4.84,103.79,6.89,1.868332207967589,2021,12,26
240,2021-12-27,49.702,16.494,26.22,45.59,5.56,87.16,8.52,1.870576735092864,2021,12,27
241,2021-12-28,51.27,0.527,8.29,37.45,4.4,81.1,7.15,2.108721624850657,2021,12,28
242,2021-12-29,37.75,0.541,3.01,27.65,2.38,70.68,4.33,2.497835497835498,2021,12,29
243,2021-12-30,29.959,0.486,2.48,17.43,5.06,52.16,10.11,2.76878612716763,2021,12,30
244,2021-12-31,23.781,0.942,2.6,12.48,2.64,42.78,5.81,3.213624338624339,2021,12,31
245,2022-12-01,44.364,0.004,1.25,24.86,4.39,58.21,6.86,2.224615384615384,2022,12,1
246,2022-12-02,41.631,0.002,0.64,27.39,2.66,64.69,4.59,2.30549084858569,2022,12,2
247,2022-12-03,43.855,0.007,2.38,27.76,5.88,70.05,9.62,2.368311533888228,2022,12,3
248,2022-12-04,28.449,10.586,19.53,22.83,3.81,53.24,7.09,2.264639639639639,2022,12,4
249,2022-12-05,39.811,0.035,1.57,24.93,4.99,61.53,9.88,2.386697860962566,2022,12,5
250,2022-12-06,37.741,0.038,1.05,25.5,3.02,61.56,5.4,2.347826086956522,2022,12,6
251,2022-12-07,36.476,2.485,6.45,26.12,4.13,57.7,6.83,2.133223140495868,2022,12,7
252,2022-12-08,30.999,1.157,7.12,26.08,3.87,60.34,6.82,2.242404006677796,2022,12,8
253,2022-12-09,32.343,9.691,17.08,27.2,3.24,59.66,5.45,2.138961892247043,2022,12,9
254,2022-12-10,46.772,0.0,1.07,23.37,7.02,54.99,12.19,2.210595590654821,2022,12,10
255,2022-12-11,45.51,0.0,0.47,30.71,4.37,73.72,7.4,2.312428734321551,2022,12,11
256,2022-12-12,51.841,0.0,0.43,31.93,6.24,75.9,9.66,2.241550956248362,2022,12,12
257,2022-12-13,51.757,0.044,2.79,34.97,5.14,77.59,6.57,2.098229867863376,2022,12,13
258,2022-12-14,46.554,1.79,9.85,40.97,4.21,77.31,6.91,1.864099158919876,2022,12,14
259,2022-12-15,48.729,2.275,5.14,38.49,5.13,75.29,7.24,1.892022008253095,2022,12,15
260,2022-12-16,62.627,0.0,0.13,41.81,6.34,83.95,9.67,1.944340602284528,2022,12,16
261,2022-12-17,66.311,0.0,0.03,41.62,8.92,82.94,13.8,1.914127423822715,2022,12,17
262,2022-12-18,61.511,0.0,0.19,44.74,6.62,83.94,9.38,1.816978193146417,2022,12,18
263,2022-12-19,50.252,0.023,2.8,41.03,4.09,78.84,7.5,1.913563829787234,2022,12,19
264,2022-12-20,40.468,0.409,5.07,33.41,4.01,70.29,7.03,2.06627471940139,2022,12,20
265,2022-12-21,50.866,0.005,2.24,27.86,8.35,61.82,15.42,2.133112399889533,2022,12,21
266,2022-12-22,41.386,0.214,2.96,21.29,5.62,48.51,11.19,2.21850613154961,2022,12,22
267,2022-12-23,28.439,0.234,2.64,15.49,3.92,37.77,8.109,2.363678516228748,2022,12,23
268,2022-12-24,29.871,0.161,1.71,19.12,5.57,44.93,11.91,2.302146618063993,2022,12,24
269,2022-12-25,18.551,19.357,24.45,15.06,2.68,33.81,5.25,2.201803833145434,2022,12,25
270,2022-12-26,29.32,5.448,8.9,12.48,5.9,25.96,12.52,2.093579978237214,2022,12,26
271,2022-12-27,26.516,8.743,12.7,21.87,1.75,56.1,3.53,2.524555461473328,2022,12,27
272,2022-12-28,40.095,0.774,6.24,24.65,3.68,56.87,6.34,2.23120367102012,2022,12,28
273,2022-12-29,26.674,1.971,7.15,21.18,3.2,57.87,6.4,2.636177194421657,2022,12,29
274,2022-12-30,22.624,22.329,25.64,12.43,3.969,31.5,7.58,2.383072138545033,2022,12,30
275,2022-12-31,24.018,6.278,10.2,0.0,0.0,0.0,0.0,0.0,2022,12,31
276,2021-01-01,41.305,0.043,2.82,35.68,1.21,73.77,2.36,2.063702900515044,2021,1,1
277,2021-01-02,48.595,0.016,3.05,35.01,4.6,72.83,9.04,2.066902297399646,2021,1,2
278,2021-01-03,41.619,0.557,3.68,31.81,3.09,72.38,5.89,2.24269340974212,2021,1,3
279,2021-01-04,45.505,0.0,1.56,31.24,4.4,75.22,9.44,2.375420875420875,2021,1,4
280,2021-01-05,43.437,0.002,0.87,32.57,2.33,73.6,3.79,2.217478510028653,2021,1,5
281,2021-01-06,44.423,0.313,3.47,33.26,3.31,73.48,6.12,2.176647525293957,2021,1,6
282,2021-01-07,41.034,0.01,1.53,32.83,1.99,71.82,3.81,2.172027570361861,2021,1,7
283,2021-01-08,33.363,9.689,17.06,28.47,2.06,60.93,3.92,2.124140189977072,2021,1,8
284,2021-01-09,38.17,0.047,3.48,28.56,3.42,61.08,6.49,2.112883051907442,2021,1,9
285,2021-01-10,40.633,0.023,1.85,30.11,3.53,65.64,6.06,2.131391200951248,2021,1,10
286,2021-01-11,34.26,11.156,18.86,32.659,2.62,66.51,4.89,2.023866889651067,2021,1,11
287,2021-01-12,39.208,0.009,3.1,31.7,1.609,71.67,3.36,2.252544357380888,2021,1,12
288,2021-01-13,46.058,0.068,2.76,36.65,3.28,81.16,6.08,2.184823441021788,2021,1,13
289,2021-01-14,44.153,0.001,0.58,36.01,1.42,76.5,2.4,2.10793481164841,2021,1,14
290,2021-01-15,47.702,0.0,0.19,36.34,3.68,72.43,7.39,1.994502748625687,2021,1,15
291,2021-01-16,57.698,0.0,0.7,37.18,9.0,75.62,15.45,1.972065829363361,2021,1,16
292,2021-01-17,55.593,0.804,10.27,54.43,2.27,90.11,2.73,1.637389770723104,2021,1,17
293,2021-01-18,85.317,0.051,4.1,77.53,2.94,129.08,4.08,1.654778178203057,2021,1,18
294,2021-01-19,46.499,0.297,4.13,36.44,2.91,83.31,5.55,2.258195679796696,2021,1,19
295,2021-01-20,29.058,12.7,20.6,26.46,2.21,63.9,4.4,2.382281130101151,2021,1,20
296,2021-01-21,32.863,6.86,16.06,27.21,4.1,66.73,8.79,2.412008942829767,2021,1,21
297,2021-01-22,18.682,14.916,17.79,14.1,1.17,32.59,2.51,2.298624754420433,2021,1,22
298,2021-01-23,22.931,2.52,5.91,22.45,0.75,56.61,1.44,2.502155172413793,2021,1,23
299,2021-01-24,33.626,0.265,2.82,29.65,1.92,63.06,3.84,2.119100411783339,2021,1,24
300,2021-01-25,37.539,0.003,2.27,29.51,2.17,61.9,4.07,2.082386363636364,2021,1,25
301,2021-01-26,35.933,0.822,6.81,29.25,2.21,62.72,3.69,2.110934520025429,2021,1,26
302,2021-01-27,39.155,1.891,7.14,28.73,4.49,62.77,8.14,2.134557495484648,2021,1,27
303,2021-01-28,40.758,0.005,3.01,33.49,3.07,74.14,6.01,2.192286652078775,2021,1,28
304,2021-01-29,35.52,4.445,12.85,35.09,2.14,72.96,3.6,2.056406124093473,2021,1,29
305,2021-01-30,55.205,0.0,0.15,40.73,5.4,84.38,10.3,2.052460437892911,2021,1,30
306,2021-01-31,55.04,6.372,17.42,52.74,5.1,96.77,8.57,1.821230982019364,2021,1,31
307,2022-01-01,20.699,0.011,2.04,9.13,5.14,28.35,11.05,2.761037140854941,2022,1,1
308,2022-01-02,21.091,2.911,6.16,10.52,4.1,31.47,8.25,2.716826265389877,2022,1,2
309,2022-01-03,18.326,2.359,7.74,10.97,2.3,31.97,4.43,2.743029389600603,2022,1,3
310,2022-01-04,29.875,0.062,2.53,17.59,3.77,49.48,7.22,2.654494382022472,2022,1,4
311,2022-01-05,35.931,0.0,1.85,20.76,3.65,51.62,6.7,2.389184760344121,2022,1,5
312,2022-01-06,39.427,1.162,5.47,27.29,7.2,63.45,12.0,2.187590605972745,2022,1,6
313,2022-01-07,45.116,9.114,13.92,30.79,5.78,67.86,9.95,2.127700300793,2022,1,7
314,2022-01-08,47.678,0.495,4.89,31.61,6.57,68.81,11.44,2.101885804085909,2022,1,8
315,2022-01-09,39.001,15.257,24.38,30.44,5.0,67.6,8.02,2.133747178329571,2022,1,9
316,2022-01-10,34.958,6.101,14.1,29.04,5.27,67.81,8.06,2.211308656368406,2022,1,10
317,2022-01-11,42.196,14.701,26.6,38.94,5.2,78.8,7.93,1.964884458541006,2022,1,11
318,2022-01-12,48.559,5.274,13.54,34.48,4.35,72.28,7.25,2.048158640226629,2022,1,12
319,2022-01-13,35.74,0.284,4.2,27.28,4.019,67.39,7.63,2.396881689510847,2022,1,13
320,2022-01-14,36.736,0.001,1.4,27.11,2.56,69.04,4.85,2.490394337714863,2022,1,14
321,2022-01-15,39.565,7.743,15.98,27.73,7.57,63.9,12.28,2.158073654390935,2022,1,15
322,2022-01-16,34.3,9.171,17.56,28.59,4.22,64.64,6.88,2.179823224626638,2022,1,16
323,2022-01-17,36.085,0.92,5.28,26.46,4.99,66.36,8.49,2.379968203497615,2022,1,17
324,2022-01-18,39.58,1.831,9.8,32.65,4.26,73.96,6.75,2.186670279057166,2022,1,18
325,2022-01-19,32.162,20.483,27.66,21.81,4.55,54.08,7.72,2.344461305007587,2022,1,19
326,2022-01-20,38.282,5.762,12.44,29.67,4.01,71.38,6.49,2.312054631828979,2022,1,20
327,2022-01-21,39.599,6.208,16.43,36.87,4.72,79.16,7.74,2.089444578023564,2022,1,21
328,2022-01-22,50.731,1.209,9.65,44.17,7.0,96.01,11.32,2.097518076998241,2022,1,22
329,2022-01-23,39.497,0.277,5.37,34.5,3.36,73.15,5.33,2.072900158478606,2022,1,23
330,2022-01-24,42.601,0.651,6.75,26.87,5.12,61.72,8.76,2.203188496405127,2022,1,24
331,2022-01-25,38.531,4.762,8.58,29.0,3.98,72.82,7.51,2.435718617343845,2022,1,25
332,2022-01-26,44.017,0.007,2.43,24.55,4.75,62.75,8.51,2.432081911262799,2022,1,26
333,2022-01-27,42.084,0.011,3.29,25.35,4.89,61.96,9.07,2.348875661375661,2022,1,27
334,2022-01-28,38.852,0.077,2.93,28.85,3.43,75.52,6.67,2.546158612143742,2022,1,28
335,2022-01-29,41.008,0.063,4.3,28.34,6.23,69.75,12.41,2.376627133352618,2022,1,29
336,2022-01-30,36.857,0.29,4.09,25.33,5.45,73.31,9.59,2.693307342430149,2022,1,30
337,2022-01-31,40.889,0.053,4.49,0.0,0.0,0.0,0.0,0.0,2022,1,31
338,2021-02-01,43.472,19.077,35.83,53.13,1.33,98.59,2.36,1.853654058024238,2021,2,1
339,2021-02-02,45.873,0.649,7.06,38.29,3.62,82.84,6.75,2.137675972321642,2021,2,2
340,2021-02-03,25.482,8.946,14.76,21.96,1.95,55.01,3.98,2.467168548724383,2021,2,3
341,2021-02-04,32.714,0.569,5.4,28.75,2.63,64.37,5.45,2.224984066284257,2021,2,4
342,2021-02-05,40.921,0.063,4.46,35.07,1.92,73.22,3.5,2.074074074074074,2021,2,5
343,2021-02-06,42.353,0.652,7.67,42.18,3.42,89.8,6.64,2.114912280701754,2021,2,6
344,2021-02-07,62.01,0.044,4.21,54.47,3.91,102.79,5.77,1.859540938677629,2021,2,7
345,2021-02-08,73.887,0.082,4.91,69.09,2.23,119.09,3.71,1.721817162086371,2021,2,8
346,2021-02-09,81.374,0.007,0.9,72.6,3.3,112.6,5.04,1.549934123847167,2021,2,9
347,2021-02-10,78.41,0.003,0.57,65.81,3.26,108.48,5.79,1.654408571014913,2021,2,10
348,2021-02-11,78.812,0.005,1.1,71.38,2.45,113.99,3.8,1.595421915210619,2021,2,11
349,2021-02-12,82.709,0.033,2.62,72.61,2.8,114.04,4.03,1.565707465853335,2021,2,12
350,2021-02-13,77.514,0.036,2.62,65.03,2.89,112.49,5.45,1.736454652532391,2021,2,13
351,2021-02-14,47.752,20.732,36.6,53.46,4.0,95.02,6.93,1.774277758440654,2021,2,14
352,2021-02-15,42.573,23.218,38.7,49.34,2.6,90.27,3.53,1.805929919137466,2021,2,15
353,2021-02-16,42.251,0.206,5.81,38.43,2.49,77.46,4.29,1.997800586510264,2021,2,16
354,2021-02-17,41.538,0.151,5.2,31.5,3.08,69.78,6.33,2.200983227299017,2021,2,17
355,2021-02-18,31.589,1.025,8.97,28.09,2.99,67.63,6.71,2.391891891891892,2021,2,18
356,2021-02-19,28.051,9.146,15.89,25.64,2.24,59.04,4.22,2.269010043041607,2021,2,19
357,2021-02-20,26.391,28.584,41.47,23.87,4.36,52.49,9.35,2.190577399929154,2021,2,20
358,2021-02-21,24.981,37.341,46.33,22.15,3.11,47.56,5.8,2.11243072050673,2021,2,21
359,2021-02-22,23.774,34.082,42.92,21.67,2.43,44.78,4.2,2.032365145228216,2021,2,22
360,2021-02-23,23.878,21.739,32.68,26.64,2.79,57.63,5.43,2.142711518858308,2021,2,23
361,2021-02-24,14.908,27.44,34.8,13.92,2.48,30.09,5.84,2.190853658536585,2021,2,24
362,2021-02-25,13.675,31.044,39.26,11.9,2.16,29.72,5.02,2.470839260312945,2021,2,25
363,2021-02-26,21.587,24.152,30.11,18.86,0.99,48.76,2.13,2.563727959697733,2021,2,26
364,2021-02-27,24.078,6.28,14.33,21.64,3.99,56.49,9.65,2.580569644947328,2021,2,27
365,2021-02-28,21.502,42.831,50.96,18.83,2.19,48.08,4.79,2.515223596574691,2021,2,28
366,2022-02-01,42.418,0.029,2.77,30.41,3.92,70.76,7.0,2.265074279056219,2022,2,1
367,2022-02-02,35.61,1.647,7.34,26.24,5.1,69.59,9.79,2.53286534779834,2022,2,2
368,2022-02-03,32.004,22.084,34.08,19.66,5.78,47.16,11.35,2.299921383647799,2022,2,3
369,2022-02-04,18.383,2.408,5.09,12.17,3.69,33.63,7.32,2.581967213114754,2022,2,4
370,2022-02-05,20.715,10.104,15.93,22.71,0.0,65.26,0.0,2.873623954205196,2022,2,5
371,2022-02-06,24.768,0.202,4.86,24.18,1.66,67.18,3.21,2.724071207430341,2022,2,6
372,2022-02-07,37.198,6.448,13.75,31.5,3.08,83.72,5.92,2.59224985540775,2022,2,7
373,2022-02-08,36.707,0.267,5.72,27.35,3.78,74.44,7.82,2.64246707356248,2022,2,8
374,2022-02-09,25.634,0.003,2.51,16.94,3.49,57.6,6.92,3.158100832109643,2022,2,9
375,2022-02-10,18.511,16.465,22.76,11.37,2.86,31.54,6.21,2.652846099789178,2022,2,10
376,2022-02-11,30.958,0.181,4.34,23.36,4.28,58.89,7.6,2.405571635311143,2022,2,11
377,2022-02-12,25.791,28.592,39.23,25.46,4.37,58.71,7.81,2.229969829031177,2022,2,12
378,2022-02-13,26.404,30.292,40.47,25.12,4.059,58.62,7.26,2.257788135302786,2022,2,13
379,2022-02-14,26.329,32.804,45.76,20.04,4.79,45.37,8.73,2.178815948449456,2022,2,14
380,2022-02-15,26.219,6.993,12.58,20.09,3.98,57.13,7.33,2.678022434565849,2022,2,15
381,2022-02-16,25.162,16.956,23.76,17.38,4.08,49.75,7.68,2.67614165890028,2022,2,16
382,2022-02-17,24.558,17.627,21.37,17.42,3.98,49.81,7.7,2.687383177570093,2022,2,17
383,2022-02-18,26.056,23.931,32.04,20.23,3.32,53.39,6.48,2.542250530785562,2022,2,18
384,2022-02-19,29.912,3.398,11.83,21.06,5.15,56.11,9.63,2.508202975963373,2022,2,19
385,2022-02-20,29.975,4.316,11.03,24.31,4.5,67.67,8.7,2.650815688996876,2022,2,20
386,2022-02-21,22.666,16.32,21.07,18.56,3.469,52.92,6.72,2.707340324118208,2022,2,21
387,2022-02-22,23.774,15.962,22.94,20.11,3.7,53.41,7.02,2.538009239815204,2022,2,22
388,2022-02-23,32.499,13.007,24.37,18.87,6.07,51.37,11.24,2.510425020048115,2022,2,23
389,2022-02-24,21.63,29.234,38.05,20.58,3.32,50.14,6.45,2.367782426778243,2022,2,24
390,2022-02-25,21.677,34.42,41.82,18.44,3.76,47.74,7.01,2.466216216216216,2022,2,25
391,2022-02-26,28.677,1.676,10.06,21.14,4.8,51.61,9.31,2.348496530454896,2022,2,26
392,2022-02-27,35.823,0.808,9.03,29.48,4.48,67.17,7.4,2.195818610129564,2022,2,27
393,2022-02-28,25.724,37.924,53.25,30.34,3.53,64.45,5.939,2.078210806023029,2022,2,28
394,2021-03-01,31.352,0.151,4.89,26.74,2.63,67.49,6.19,2.508682328907048,2021,3,1
395,2021-03-02,25.775,26.387,39.1,26.22,2.93,64.53,6.92,2.451114922813036,2021,3,2
396,2021-03-03,15.008,40.912,49.83,14.36,1.77,36.5,3.89,2.504029758214507,2021,3,3
397,2021-03-04,18.869,25.03,30.64,16.59,2.7,43.25,6.52,2.580093312597201,2021,3,4
398,2021-03-05,30.494,9.143,20.66,28.71,2.22,65.209,4.47,2.252796637568704,2021,3,5
399,2021-03-06,27.349,33.97,51.0,29.27,4.4,65.459,10.66,2.260736560736561,2021,3,6
400,2021-03-07,30.315,11.311,19.88,21.65,4.689,51.59,9.47,2.31823531645089,2021,3,7
401,2021-03-08,30.629,23.213,31.32,26.84,3.36,60.88,6.11,2.218211920529801,2021,3,8
402,2021-03-09,23.866,32.843,41.55,26.35,1.47,55.86,2.82,2.109273903666427,2021,3,9
403,2021-03-10,25.699,35.391,50.25,29.34,3.95,64.519,7.41,2.160678882547312,2021,3,10
404,2021-03-11,35.355,0.255,7.68,29.23,3.7,71.07,8.74,2.423625873064076,2021,3,11
405,2021-03-12,20.959,21.535,24.08,17.28,1.12,43.67,2.48,2.508152173913043,2021,3,12
406,2021-03-13,24.394,17.119,21.94,16.8,4.059,45.35,9.69,2.638669159595378,2021,3,13
407,2021-03-14,27.292,7.587,13.72,20.66,2.74,53.5,6.06,2.545299145299146,2021,3,14
408,2021-03-15,25.395,11.981,21.43,23.52,2.87,56.88,6.19,2.389920424403183,2021,3,15
409,2021-03-16,35.564,0.475,6.05,27.52,1.96,71.65,4.14,2.57089552238806,2021,3,16
410,2021-03-17,29.623,3.417,9.71,24.36,3.29,60.72,7.16,2.45497287522604,2021,3,17
411,2021-03-18,23.979,24.223,36.08,26.88,2.37,63.32,4.09,2.304615384615385,2021,3,18
412,2021-03-19,29.019,14.636,25.6,29.96,1.51,68.96,2.45,2.26914521766762,2021,3,19
413,2021-03-20,35.299,16.985,27.2,26.28,6.3,54.08,12.59,2.046347452424801,2021,3,20
414,2021-03-21,35.814,0.612,8.65,32.45,3.02,78.55,6.16,2.388215393290104,2021,3,21
415,2021-03-22,28.261,17.855,30.67,30.26,2.009,68.79,3.98,2.255105519228982,2021,3,22
416,2021-03-23,27.554,0.8,8.25,24.79,3.17,62.74,7.43,2.509656652360515,2021,3,23
417,2021-03-24,17.586,0.764,7.97,15.42,2.49,43.04,5.06,2.685650474595198,2021,3,24
418,2021-03-25,19.203,45.909,51.89,16.65,2.1,44.83,4.76,2.6448,2021,3,25
419,2021-03-26,20.337,33.157,42.61,16.46,3.5,43.66,8.39,2.607715430861723,2021,3,26
420,2021-03-27,19.094,15.207,20.85,9.97,4.49,25.62,11.07,2.537344398340249,2021,3,27
421,2021-03-28,19.226,27.568,36.62,17.39,2.7,44.35,5.83,2.497760079641613,2021,3,28
422,2021-03-29,17.532,17.78,20.91,13.32,2.23,37.97,5.63,2.803858520900322,2021,3,29
423,2021-03-30,11.158,49.813,56.93,6.65,2.37,17.41,6.19,2.616407982261641,2021,3,30
424,2021-03-31,7.348,46.007,56.18,7.59,2.98,22.37,7.62,2.837275307473983,2021,3,31
425,2022-03-01,29.227,35.654,51.96,27.46,5.25,59.92,9.13,2.110975236930602,2022,3,1
426,2022-03-02,29.443,37.282,51.98,29.43,5.95,62.28,10.87,2.067552289429056,2022,3,2
427,2022-03-03,28.545,34.132,48.09,31.54,2.49,68.29,4.48,2.138407287687334,2022,3,3
428,2022-03-04,38.183,0.613,8.18,29.68,3.99,69.3,6.83,2.261063261063261,2022,3,4
429,2022-03-05,39.107,2.384,11.31,29.63,5.67,67.28,10.34,2.19886685552408,2022,3,5
430,2022-03-06,38.607,4.016,9.86,27.2,6.2,60.6,11.02,2.144311377245509,2022,3,6
431,2022-03-07,25.834,23.314,36.77,29.46,2.73,66.74,5.03,2.229574401988195,2022,3,7
432,2022-03-08,28.643,30.717,40.67,26.33,4.939,56.8,8.62,2.092167961879178,2022,3,8
433,2022-03-09,22.517,42.583,55.62,22.8,3.55,51.45,6.28,2.19089184060721,2022,3,9
434,2022-03-10,29.42,48.625,59.44,20.62,5.47,47.87,9.27,2.190111153698735,2022,3,10
435,2022-03-11,23.307,46.975,59.67,24.33,3.24,52.2,5.36,2.087776568734131,2022,3,11
436,2022-03-12,22.131,42.978,57.72,22.41,5.81,49.25,11.15,2.140326009922041,2022,3,12
437,2022-03-13,18.28,45.633,57.02,15.47,5.26,36.47,10.09,2.246020260492041,2022,3,13
438,2022-03-14,17.066,42.568,56.53,14.91,2.89,35.86,5.84,2.342696629213483,2022,3,14
439,2022-03-15,16.43,33.288,38.86,9.15,4.61,23.6,9.59,2.412063953488372,2022,3,15
440,2022-03-16,17.657,30.223,38.29,15.39,3.63,43.1,6.81,2.624079915878023,2022,3,16
441,2022-03-17,20.048,18.467,25.29,14.83,3.6,37.73,6.73,2.412371134020618,2022,3,17
442,2022-03-18,18.14,38.403,49.95,16.3,3.84,40.01,6.92,2.330188679245283,2022,3,18
443,2022-03-19,21.286,43.415,57.39,19.92,3.85,48.97,7.36,2.369793857803955,2022,3,19
444,2022-03-20,19.01,46.623,58.39,12.79,6.25,29.2,11.55,2.140231092436975,2022,3,20
445,2022-03-21,16.002,51.116,60.21,13.67,4.16,31.75,7.36,2.193494111048794,2022,3,21
446,2022-03-22,15.524,47.487,58.34,14.06,3.24,33.83,6.93,2.356069364161849,2022,3,22
447,2022-03-23,18.034,50.238,59.17,13.73,3.66,32.57,7.78,2.320299022426682,2022,3,23
448,2022-03-24,22.14,42.858,57.58,21.83,5.48,59.56,10.15,2.552544855364336,2022,3,24
449,2022-03-25,10.646,48.7,57.09,8.56,2.53,19.14,4.75,2.15419296663661,2022,3,25
450,2022-03-26,20.766,34.763,44.99,14.22,5.8,35.66,12.29,2.395104895104895,2022,3,26
451,2022-03-27,13.062,52.29,61.01,8.67,4.35,20.11,8.53,2.199692780337942,2022,3,27
452,2022-03-28,16.342,52.31,59.84,9.23,4.66,20.4,9.9,2.181425485961123,2022,3,28
453,2022-03-29,13.585,23.205,30.35,11.55,3.17,28.81,6.31,2.385869565217391,2022,3,29
454,2022-03-30,23.025,19.339,26.92,14.69,3.65,37.53,7.33,2.446019629225736,2022,3,30
455,2022-03-31,35.041,0.237,6.24,0.0,0.0,0.0,0.0,0.0,2022,3,31
456,2021-04-01,15.658,18.367,29.1,14.09,2.94,44.23,7.25,3.022900763358778,2021,4,1
457,2021-04-02,13.044,38.332,55.79,15.61,2.74,41.71,6.04,2.602179836512261,2021,4,2
458,2021-04-03,26.217,23.128,30.76,18.22,5.28,44.71,11.44,2.38936170212766,2021,4,3
459,2021-04-04,18.84,27.863,38.92,23.19,1.89,52.6,3.69,2.244417862838916,2021,4,4
460,2021-04-05,20.953,19.307,24.78,18.67,2.3,41.95,3.98,2.190271816881259,2021,4,5
461,2021-04-06,19.367,28.475,41.85,25.4,2.18,56.16,4.16,2.187092095721538,2021,4,6
462,2021-04-07,24.825,21.792,35.14,27.51,2.58,61.15,5.3,2.208374875373878,2021,4,7
463,2021-04-08,22.535,8.353,20.21,26.21,1.95,61.89,3.81,2.333096590909091,2021,4,8
464,2021-04-09,14.677,44.833,55.77,19.13,1.66,47.49,3.42,2.448773448773449,2021,4,9
465,2021-04-10,21.013,17.891,26.56,13.78,3.45,33.67,8.2,2.43006384213581,2021,4,10
466,2021-04-11,11.138,35.088,43.27,8.44,2.55,20.06,5.939,2.365696087352138,2021,4,11
467,2021-04-12,25.931,0.126,5.98,21.35,2.94,56.95,6.3,2.603952243721696,2021,4,12
468,2021-04-13,22.433,11.869,20.05,21.79,1.9,51.5,3.82,2.335162515829464,2021,4,13
469,2021-04-14,20.599,17.994,30.58,24.38,3.0,62.21,6.12,2.495617238860482,2021,4,14
470,2021-04-15,31.155,0.789,11.5,27.24,3.8,62.01,8.37,2.267396907216495,2021,4,15
471,2021-04-16,31.488,0.176,5.23,26.94,1.92,63.39,4.04,2.336451836451837,2021,4,16
472,2021-04-17,25.279,2.362,7.54,16.57,3.18,41.99,6.9,2.475443037974684,2021,4,17
473,2021-04-18,14.261,12.23,17.32,10.77,2.23,28.9,4.96,2.604615384615385,2021,4,18
474,2021-04-19,16.31,26.347,31.57,7.55,2.9,18.8,6.64,2.43444976076555,2021,4,19
475,2021-04-20,14.008,30.382,28.33,11.43,1.95,27.8,4.15,2.387892376681614,2021,4,20
476,2021-04-21,15.087,43.109,47.96,8.42,2.58,21.68,6.09,2.524545454545454,2021,4,21
477,2021-04-22,12.736,54.014,63.46,15.28,2.2,40.36,4.4,2.560640732265446,2021,4,22
478,2021-04-23,16.383,33.333,39.94,15.56,2.0,38.78,4.019,2.437300683371299,2021,4,23
479,2021-04-24,22.479,34.119,42.73,13.8,3.62,37.34,8.47,2.629735935706085,2021,4,24
480,2021-04-25,16.429,35.861,47.14,17.57,2.7,45.64,5.46,2.52096694622595,2021,4,25
481,2021-04-26,15.91,50.405,58.8,15.95,2.24,33.34,4.35,2.072017592083562,2021,4,26
482,2021-04-27,19.617,57.341,69.81,21.91,1.88,52.54,3.99,2.376208490962589,2021,4,27
483,2021-04-28,12.594,55.973,64.82,10.35,3.469,22.7,8.26,2.240393660901657,2021,4,28
484,2021-04-29,5.184,33.024,37.27,1.569,2.25,0.0,5.75,1.505629746006808,2021,4,29
485,2021-04-30,5.895,59.94,67.14,6.24,1.89,16.88,3.99,2.567035670356704,2021,4,30
486,2022-04-01,42.625,0.079,6.03,28.39,3.969,66.16,6.53,2.246361136005439,2022,4,1
487,2022-04-02,27.906,5.258,18.38,26.29,5.66,64.56,11.14,2.369327073552426,2022,4,2
488,2022-04-03,25.27,13.392,29.06,28.37,4.89,69.24,8.73,2.344257366205653,2022,4,3
489,2022-04-04,18.501,45.662,58.83,21.19,2.51,52.79,4.58,2.420675105485232,2022,4,4
490,2022-04-05,27.725,7.311,14.93,16.079,6.32,43.03,12.36,2.472878253493459,2022,4,5
491,2022-04-06,15.095,14.433,19.13,9.22,3.85,27.08,8.47,2.719969395562356,2022,4,6
492,2022-04-07,13.472,36.448,46.68,9.26,3.6,26.59,8.41,2.721617418351478,2022,4,7
493,2022-04-08,15.52,18.306,27.43,13.24,3.68,39.82,6.89,2.76063829787234,2022,4,8
494,2022-04-09,22.913,24.654,37.5,18.66,6.54,49.67,12.66,2.473412698412699,2022,4,9
495,2022-04-10,22.24,27.851,38.86,21.57,2.81,56.61,5.41,2.54388843314192,2022,4,10
496,2022-04-11,21.9,28.755,37.49,15.23,5.16,38.63,9.37,2.354095144678764,2022,4,11
497,2022-04-12,18.158,51.913,63.79,12.16,3.43,27.81,6.79,2.219371391917896,2022,4,12
498,2022-04-13,9.42,54.839,63.9,7.33,3.58,19.21,7.74,2.470210815765353,2022,4,13
499,2022-04-14,11.12,50.886,57.13,4.52,4.11,12.23,10.45,2.628041714947856,2022,4,14
500,2022-04-15,18.415,11.149,16.07,4.58,6.07,11.18,13.36,2.304225352112676,2022,4,15
501,2022-04-16,26.904,36.819,51.49,20.0,7.36,53.58,14.14,2.47514619883041,2022,4,16
502,2022-04-17,15.881,56.792,71.06,17.51,2.34,41.48,4.62,2.322418136020151,2022,4,17
503,2022-04-18,17.799,46.536,56.0,18.97,2.31,50.41,4.62,2.585996240601504,2022,4,18
504,2022-04-19,23.515,13.421,21.27,15.61,4.08,37.37,7.96,2.302183849669883,2022,4,19
505,2022-04-20,22.214,1.393,9.26,19.03,2.41,50.46,4.6,2.568097014925373,2022,4,20
506,2022-04-21,14.493,15.587,20.62,10.32,3.18,27.36,6.71,2.523703703703704,2022,4,21
507,2022-04-22,17.844,13.147,17.95,16.45,2.4,49.02,4.68,2.848806366047745,2022,4,22
508,2022-04-23,14.512,38.978,55.52,20.03,3.59,55.56,7.61,2.674428450465707,2022,4,23
509,2022-04-24,15.906,9.299,14.63,11.07,3.08,32.159,6.53,2.734204946996466,2022,4,24
510,2022-04-25,20.315,1.406,7.34,11.79,3.23,34.48,6.49,2.727696404793608,2022,4,25
511,2022-04-26,14.478,23.305,30.56,5.88,4.59,15.97,10.07,2.487106017191977,2022,4,26
512,2022-04-27,12.782,35.762,44.3,11.16,3.43,27.45,7.03,2.363262508567512,2022,4,27
513,2022-04-28,9.493,48.387,61.99,12.76,2.53,38.8,5.44,2.893394375408764,2022,4,28
514,2022-04-29,7.714,53.112,58.89,1.26,3.09,0.0,6.78,1.558620689655173,2022,4,29
515,2022-04-30,12.12,37.461,51.48,6.42,5.97,16.26,13.97,2.439870863599677,2022,4,30
516,2020-05-11,8.324,0.094,0.23,0.0,0.0,0.0,0.0,0.0,2020,5,11
517,2020-05-12,9.667,41.432,45.86,0.0,0.0,0.0,0.0,0.0,2020,5,12
518,2020-05-13,7.03,38.353,41.94,0.0,0.0,0.0,0.0,0.0,2020,5,13
519,2020-05-14,7.417,40.639,43.88,0.0,0.0,0.0,0.0,0.0,2020,5,14
520,2020-05-15,8.63,47.452,54.62,0.0,0.0,0.0,0.0,0.0,2020,5,15
521,2020-05-16,11.643,43.983,54.88,0.0,0.0,0.0,0.0,0.0,2020,5,16
522,2020-05-17,9.143,53.723,60.55,0.0,0.0,0.0,0.0,0.0,2020,5,17
523,2020-05-18,8.836,59.35,64.78,0.0,0.0,0.0,0.0,0.0,2020,5,18
524,2020-05-19,9.868,50.769,53.91,0.0,0.0,0.0,0.0,0.0,2020,5,19
525,2020-05-20,8.707,49.424,54.67,0.0,0.0,0.0,0.0,0.0,2020,5,20
526,2020-05-21,9.524,51.163,59.89,0.0,0.0,0.0,0.0,0.0,2020,5,21
527,2020-05-22,7.012,49.728,56.9,0.0,0.0,0.0,0.0,0.0,2020,5,22
528,2020-05-23,4.966,11.408,14.22,0.0,0.0,0.0,0.0,0.0,2020,5,23
529,2020-05-24,5.539,37.695,43.73,0.0,0.0,0.0,0.0,0.0,2020,5,24
530,2020-05-25,7.469,28.655,32.14,0.0,0.0,0.0,0.0,0.0,2020,5,25
531,2020-05-26,8.843,36.094,41.23,0.0,0.0,0.0,0.0,0.0,2020,5,26
532,2020-05-27,6.052,52.035,56.14,0.0,0.0,0.0,0.0,0.0,2020,5,27
533,2020-05-28,9.362,22.241,26.8,0.0,0.0,0.0,0.0,0.0,2020,5,28
534,2020-05-29,5.155,49.566,54.42,0.0,0.0,0.0,0.0,0.0,2020,5,29
535,2020-05-30,13.45,44.234,53.15,0.0,0.0,0.0,0.0,0.0,2020,5,30
536,2020-05-31,7.891,22.472,26.71,0.0,0.0,0.0,0.0,0.0,2020,5,31
537,2021-05-01,14.88,15.583,23.78,11.02,2.009,31.44,4.78,2.779952413846036,2021,5,1
538,2021-05-02,22.109,1.662,7.39,23.18,1.75,58.93,3.74,2.513838748495788,2021,5,2
539,2021-05-03,17.131,26.496,34.59,14.62,2.84,32.93,6.53,2.260022909507446,2021,5,3
540,2021-05-04,11.95,34.906,41.92,10.24,2.33,22.19,5.7,2.218774860779634,2021,5,4
541,2021-05-05,19.014,12.066,16.02,13.64,3.719,38.74,9.11,2.756495189815081,2021,5,5
542,2021-05-06,13.01,37.867,49.1,11.69,2.81,28.72,6.01,2.395172413793103,2021,5,6
543,2021-05-07,15.954,32.485,38.85,14.76,2.06,40.35,4.09,2.642092746730083,2021,5,7
544,2021-05-08,16.777,39.518,52.45,10.2,5.93,22.53,14.05,2.267823930564166,2021,5,8
545,2021-05-09,7.257,62.452,70.07,6.58,2.58,16.47,6.59,2.517467248908297,2021,5,9
546,2021-05-10,4.614,59.822,64.18,1.43,2.41,0.0,6.1,1.588541666666667,2021,5,10
547,2021-05-11,5.259,57.91,68.23,1.49,2.39,0.0,6.46,1.664948453608248,2021,5,11
548,2021-05-12,5.272,56.178,62.14,1.66,2.32,0.0,6.42,1.613065326633166,2021,5,12
549,2021-05-13,5.034,37.909,42.12,1.569,2.06,0.0,5.37,1.479746486635437,2021,5,13
550,2021-05-14,9.013,5.021,14.54,12.45,1.14,38.04,2.73,3.0,2021,5,14
551,2021-05-15,5.474,44.063,49.3,1.68,1.839,0.1,4.95,1.435066780335323,2021,5,15
552,2021-05-16,4.508,33.475,37.81,1.53,2.31,0.0,5.75,1.497395833333333,2021,5,16
553,2021-05-17,10.977,22.945,29.93,4.7,2.53,11.78,6.61,2.54356846473029,2021,5,17
554,2021-05-18,5.224,34.803,40.0,1.49,1.79,0.0,4.07,1.240853658536585,2021,5,18
555,2021-05-19,10.177,38.569,50.78,15.83,2.16,46.24,5.32,2.866036687048361,2021,5,19
556,2021-05-20,5.687,39.993,44.66,1.55,1.88,0.0,4.25,1.239067055393586,2021,5,20
557,2021-05-21,4.996,51.727,56.71,1.38,2.69,0.0,6.16,1.513513513513513,2021,5,21
558,2021-05-22,5.089,30.299,36.2,1.49,3.14,0.0,7.76,1.676025917926566,2021,5,22
559,2021-05-23,4.531,30.966,38.34,1.52,2.45,0.0,5.66,1.425692695214106,2021,5,23
560,2021-05-24,5.538,44.538,48.75,1.51,2.93,0.0,7.01,1.578828828828829,2021,5,24
561,2021-05-25,5.12,19.949,24.08,1.46,2.34,0.0,5.59,1.471052631578947,2021,5,25
562,2021-05-26,8.77,33.373,37.33,1.4,2.38,0.0,5.66,1.497354497354497,2021,5,26
563,2021-05-27,6.294,36.098,44.29,1.3,3.06,0.0,7.33,1.681192660550459,2021,5,27
564,2021-05-28,10.336,25.732,31.84,8.97,1.79,25.86,4.04,2.778810408921933,2021,5,28
565,2021-05-29,9.684,35.911,42.89,4.04,3.6,9.39,8.73,2.3717277486911,2021,5,29
566,2021-05-30,3.287,29.914,33.39,1.49,1.22,0.0,2.9,1.070110701107011,2021,5,30
567,2021-05-31,8.937,49.398,54.88,5.72,2.53,13.68,6.26,2.416969696969697,2021,5,31
568,2022-05-01,5.547,38.692,46.86,1.46,3.15,0.0,7.11,1.542299349240781,2022,5,1
569,2022-05-02,5.993,44.129,52.18,1.38,4.53,0.0,10.78,1.824027072758037,2022,5,2
570,2022-05-03,8.58,44.709,51.45,5.13,2.99,13.06,7.16,2.490147783251232,2022,5,3
571,2022-05-04,8.335,41.426,52.71,5.67,3.95,16.93,9.22,2.718295218295218,2022,5,4
572,2022-05-05,4.935,36.379,40.59,1.6,2.02,0.0,4.86,1.342541436464088,2022,5,5
573,2022-05-06,8.213,39.775,46.05,1.4,4.25,0.0,9.85,1.743362831858407,2022,5,6
574,2022-05-07,15.06,40.451,53.0,8.16,4.7,26.28,11.59,2.944790046656299,2022,5,7
575,2022-05-08,6.682,45.219,52.66,1.37,4.38,0.0,10.36,1.801739130434783,2022,5,8
576,2022-05-09,4.258,59.356,65.74,1.44,2.24,0.0,5.38,1.46195652173913,2022,5,9
577,2022-05-10,6.933,60.585,67.31,1.19,4.24,0.07,10.09,1.871086556169429,2022,5,10
578,2022-05-11,7.284,49.853,57.79,1.45,2.65,0.0,6.78,1.653658536585366,2022,5,11
579,2022-05-12,6.715,58.522,67.7,1.26,4.7,0.0,11.95,2.00503355704698,2022,5,12
580,2022-05-13,5.498,41.073,47.17,1.73,2.15,0.0,5.23,1.347938144329897,2022,5,13
581,2022-05-14,9.062,40.887,49.37,1.41,3.0,0.0,7.1,1.609977324263038,2022,5,14
582,2022-05-15,7.307,61.036,69.91,1.47,3.09,0.11,7.23,1.609649122807018,2022,5,15
583,2022-05-16,5.002,57.983,64.19,1.52,2.16,0.0,5.05,1.372282608695652,2022,5,16
584,2022-05-17,6.267,14.847,18.91,1.34,2.69,0.0,6.72,1.667493796526054,2022,5,17
585,2022-05-18,4.826,64.331,69.31,1.5,2.35,0.0,5.07,1.316883116883117,2022,5,18
586,2022-05-19,9.637,51.305,65.21,3.13,4.15,8.56,9.39,2.46565934065934,2022,5,19
587,2022-05-20,5.82,49.439,55.68,1.5,2.78,0.0,7.86,1.836448598130841,2022,5,20
588,2022-05-21,5.643,32.499,40.84,1.43,1.859,0.91,4.54,1.657038613560353,2022,5,21
589,2022-05-22,7.495,33.767,41.1,1.33,4.23,0.0,9.72,1.748201438848921,2022,5,22
590,2022-05-23,6.589,59.151,65.26,1.51,3.08,0.0,7.25,1.579520697167756,2022,5,23
591,2022-05-24,7.885,31.011,36.26,1.38,2.88,0.0,7.29,1.711267605633803,2022,5,24
592,2022-05-25,7.178,13.371,17.57,1.31,2.17,0.0,5.01,1.439655172413793,2022,5,25
593,2022-05-26,9.407,41.684,49.2,1.41,3.79,0.0,9.17,1.763461538461538,2022,5,26
594,2022-05-27,11.373,10.434,15.84,1.31,3.39,0.0,7.73,1.64468085106383,2022,5,27
595,2022-05-28,7.446,43.324,51.66,1.49,6.47,0.0,14.43,1.812814070351759,2022,5,28
596,2022-05-29,12.331,40.175,45.66,9.26,2.35,28.29,5.29,2.892334194659776,2022,5,29
597,2022-05-30,5.422,36.536,42.7,1.38,3.35,0.0,7.16,1.513742071881607,2022,5,30
598,2022-05-31,8.171,41.082,52.25,0.0,0.0,0.0,0.0,0.0,2022,5,31
599,2020-06-01,6.425,62.737,71.26,0.0,0.0,0.0,0.0,0.0,2020,6,1
600,2020-06-02,6.544,49.579,56.68,0.0,0.0,0.0,0.0,0.0,2020,6,2
601,2020-06-03,5.962,59.387,63.59,0.0,0.0,0.0,0.0,0.0,2020,6,3
602,2020-06-04,7.174,53.198,58.32,0.0,0.0,0.0,0.0,0.0,2020,6,4
603,2020-06-05,6.367,18.991,21.88,0.0,0.0,0.0,0.0,0.0,2020,6,5
604,2020-06-06,11.299,24.788,30.94,0.0,0.0,0.0,0.0,0.0,2020,6,6
605,2020-06-07,7.496,20.149,23.67,0.0,0.0,0.0,0.0,0.0,2020,6,7
606,2020-06-08,6.891,13.317,14.82,0.0,0.0,0.0,0.0,0.0,2020,6,8
607,2020-06-09,7.29,44.311,50.78,0.0,0.0,0.0,0.0,0.0,2020,6,9
608,2020-06-10,8.034,16.629,20.31,0.0,0.0,0.0,0.0,0.0,2020,6,10
609,2020-06-11,4.903,43.638,47.92,0.0,0.0,0.0,0.0,0.0,2020,6,11
610,2020-06-12,7.831,40.293,52.09,0.0,0.0,0.0,0.0,0.0,2020,6,12
611,2020-06-13,6.484,51.445,55.55,0.0,0.0,0.0,0.0,0.0,2020,6,13
612,2020-06-14,8.966,39.514,46.34,0.0,0.0,0.0,0.0,0.0,2020,6,14
613,2020-06-15,6.641,46.471,50.8,0.0,0.0,0.0,0.0,0.0,2020,6,15
614,2020-06-16,6.843,50.073,53.46,0.0,0.0,0.0,0.0,0.0,2020,6,16
615,2020-06-17,5.625,45.937,51.03,0.0,0.0,0.0,0.0,0.0,2020,6,17
616,2020-06-18,5.829,22.448,26.23,0.0,0.0,0.0,0.0,0.0,2020,6,18
617,2020-06-19,12.135,9.506,12.55,0.0,0.0,0.0,0.0,0.0,2020,6,19
618,2020-06-20,9.733,3.918,5.95,0.0,0.0,0.0,0.0,0.0,2020,6,20
619,2020-06-21,6.53,7.779,9.89,0.0,0.0,0.0,0.0,0.0,2020,6,21
620,2020-06-22,6.885,25.734,30.23,0.0,0.0,0.0,0.0,0.0,2020,6,22
621,2020-06-23,6.539,45.484,49.2,0.0,0.0,0.0,0.0,0.0,2020,6,23
622,2020-06-24,9.745,6.898,8.35,0.0,0.0,0.0,0.0,0.0,2020,6,24
623,2020-06-25,9.203,53.309,58.0,0.0,0.0,0.0,0.0,0.0,2020,6,25
624,2020-06-26,5.74,38.654,42.08,0.0,0.0,0.0,0.0,0.0,2020,6,26
625,2020-06-27,5.684,52.176,58.55,0.0,0.0,0.0,0.0,0.0,2020,6,27
626,2020-06-28,3.856,50.472,58.25,0.0,0.0,0.0,0.0,0.0,2020,6,28
627,2020-06-29,10.728,10.429,13.69,0.0,0.0,0.0,0.0,0.0,2020,6,29
628,2020-06-30,4.422,54.297,57.37,0.0,0.0,0.0,0.0,0.0,2020,6,30
629,2021-06-01,6.684,38.01,42.77,1.38,2.59,0.0,6.04,1.521410579345088,2021,6,1
630,2021-06-02,5.777,60.271,66.8,1.47,2.31,0.0,6.25,1.653439153439153,2021,6,2
631,2021-06-03,4.082,62.819,68.64,1.24,2.64,0.09,6.51,1.701030927835051,2021,6,3
632,2021-06-04,6.136,51.702,60.88,1.49,3.55,0.0,9.94,1.972222222222222,2021,6,4
633,2021-06-05,5.13,51.912,58.86,1.359,2.99,0.0,8.46,1.945274775810531,2021,6,5
634,2021-06-06,5.892,44.655,52.97,1.5,2.27,0.0,6.23,1.652519893899204,2021,6,6
635,2021-06-07,3.781,52.739,60.11,1.69,2.24,0.11,6.39,1.653944020356234,2021,6,7
636,2021-06-08,4.655,61.675,67.46,1.43,1.91,0.0,5.13,1.535928143712575,2021,6,8
637,2021-06-09,5.741,63.981,70.32,1.49,3.07,0.0,8.85,1.940789473684211,2021,6,9
638,2021-06-10,6.741,34.035,39.25,1.66,2.26,0.0,5.95,1.517857142857143,2021,6,10
639,2021-06-11,4.061,55.713,59.83,1.589,1.53,0.0,3.78,1.211926899647323,2021,6,11
640,2021-06-12,5.5,25.296,30.75,1.6,2.56,0.0,6.97,1.675480769230769,2021,6,12
641,2021-06-13,3.689,30.109,34.67,1.34,1.859,0.0,4.08,1.275398562050641,2021,6,13
642,2021-06-14,4.232,61.498,66.36,1.75,1.83,0.0,4.43,1.237430167597765,2021,6,14
643,2021-06-15,6.219,56.005,62.33,1.67,1.99,0.0,5.52,1.508196721311475,2021,6,15
644,2021-06-16,5.09,52.461,58.52,1.39,1.99,0.0,5.72,1.692307692307692,2021,6,16
645,2021-06-17,4.379,59.218,66.89,1.47,1.839,0.0,5.23,1.580537926866123,2021,6,17
646,2021-06-18,6.504,59.196,63.9,1.47,1.91,0.12,5.41,1.636094674556213,2021,6,18
647,2021-06-19,4.728,59.019,63.92,1.71,0.77,0.78,2.35,1.262096774193548,2021,6,19
648,2021-06-20,7.504,42.646,56.24,1.45,1.74,0.0,5.33,1.670846394984326,2021,6,20
649,2021-06-21,10.326,44.569,48.32,1.47,1.2,0.0,3.41,1.277153558052434,2021,6,21
650,2021-06-22,6.106,36.248,41.55,1.28,1.76,0.0,5.32,1.75,2021,6,22
651,2021-06-23,4.594,15.85,19.58,1.3,1.859,0.0,5.37,1.699905033238367,2021,6,23
652,2021-06-24,4.109,43.592,48.2,1.4,1.64,0.0,4.79,1.575657894736842,2021,6,24
653,2021-06-25,3.667,22.447,27.32,1.39,0.79,0.0,2.029,0.9307339449541283,2021,6,25
654,2021-06-26,3.222,38.758,44.47,1.53,2.16,0.0,6.59,1.785907859078591,2021,6,26
655,2021-06-27,4.483,60.805,67.16,1.52,1.7,0.12,4.74,1.509316770186335,2021,6,27
656,2021-06-28,5.974,46.618,56.6,1.3,2.22,0.0,6.41,1.821022727272727,2021,6,28
657,2021-06-29,4.826,50.575,56.12,1.39,2.09,0.0,5.57,1.600574712643678,2021,6,29
658,2021-06-30,6.036,45.815,51.38,1.51,1.55,0.0,4.49,1.467320261437909,2021,6,30
659,2022-06-01,3.422,46.282,50.83,1.43,2.19,0.0,5.23,1.44475138121547,2022,6,1
660,2022-06-02,7.709,57.187,66.9,6.2,3.51,20.31,8.18,2.934088568486096,2022,6,2
661,2022-06-03,7.608,60.495,68.7,1.65,2.88,0.0,7.35,1.622516556291391,2022,6,3
662,2022-06-04,3.876,23.061,26.28,1.48,1.39,0.0,3.58,1.247386759581881,2022,6,4
663,2022-06-05,3.863,58.549,64.33,1.43,2.84,0.82,7.53,1.955503512880562,2022,6,5
664,2022-06-06,11.235,27.841,32.99,1.54,2.14,0.0,5.4,1.467391304347826,2022,6,6
665,2022-06-07,8.819,29.309,35.46,1.29,3.03,0.0,7.74,1.791666666666667,2022,6,7
666,2022-06-08,3.282,41.519,46.31,1.97,1.97,0.0,5.26,1.33502538071066,2022,6,8
667,2022-06-09,5.641,29.18,34.32,1.48,1.91,0.0,5.01,1.47787610619469,2022,6,9
668,2022-06-10,5.859,60.725,66.72,1.3,3.01,0.0,7.47,1.733178654292344,2022,6,10
669,2022-06-11,9.67,59.103,65.92,1.6,3.22,0.0,8.36,1.734439834024896,2022,6,11
670,2022-06-12,6.224,49.346,59.15,1.53,3.52,0.0,9.33,1.847524752475248,2022,6,12
671,2022-06-13,7.266,14.77,18.51,2.71,2.1,5.36,4.67,2.085239085239085,2022,6,13
672,2022-06-14,11.324,49.601,58.49,1.55,3.02,0.0,6.87,1.50328227571116,2022,6,14
673,2022-06-15,4.887,61.719,69.78,1.609,2.11,0.0,5.59,1.503092229093842,2022,6,15
674,2022-06-16,6.91,35.355,40.3,1.29,2.81,0.0,6.939,1.692439024390244,2022,6,16
675,2022-06-17,6.969,52.034,60.54,1.33,3.969,0.0,9.75,1.839969805623702,2022,6,17
676,2022-06-18,2.395,54.571,63.93,1.53,1.78,0.0,4.92,1.486404833836858,2022,6,18
677,2022-06-19,5.526,55.654,65.61,1.43,3.1,0.0,9.15,2.019867549668874,2022,6,19
678,2022-06-20,7.994,16.205,19.46,1.51,2.14,0.0,5.57,1.526027397260274,2022,6,20
679,2022-06-21,6.911,43.933,51.81,1.2,3.77,0.0,9.21,1.853118712273642,2022,6,21
680,2022-06-22,5.174,59.495,66.92,1.1,3.1,0.0,8.05,1.916666666666667,2022,6,22
681,2022-06-23,4.942,62.132,67.75,1.15,1.9,0.0,4.97,1.629508196721311,2022,6,23
682,2022-06-24,6.314,60.381,65.25,1.2,2.63,0.0,6.98,1.822454308093995,2022,6,24
683,2022-06-25,7.873,52.063,58.5,1.12,2.73,0.0,7.12,1.849350649350649,2022,6,25
684,2022-06-26,9.681,42.095,55.4,1.08,2.51,0.0,6.92,1.927576601671309,2022,6,26
685,2022-06-27,14.26,53.664,64.09,1.16,2.68,0.0,7.51,1.955729166666667,2022,6,27
686,2022-06-28,6.773,24.752,30.76,1.3,2.37,0.0,6.23,1.697547683923706,2022,6,28
687,2022-06-29,5.505,30.626,35.92,1.51,2.16,0.0,5.62,1.53133514986376,2022,6,29
688,2022-06-30,10.907,50.269,60.18,2.19,1.71,0.0,5.21,1.335897435897436,2022,6,30
689,2020-07-01,5.517,63.06,66.85,0.0,0.0,0.0,0.0,0.0,2020,7,1
690,2020-07-02,5.2,48.8,51.1,0.0,0.0,0.0,0.0,0.0,2020,7,2
691,2020-07-03,3.835,35.606,40.98,0.0,0.0,0.0,0.0,0.0,2020,7,3
692,2020-07-04,6.322,47.198,56.19,0.0,0.0,0.0,0.0,0.0,2020,7,4
693,2020-07-05,4.723,51.985,58.63,0.0,0.0,0.0,0.0,0.0,2020,7,5
694,2020-07-06,14.944,21.966,27.43,0.0,0.0,0.0,0.0,0.0,2020,7,6
695,2020-07-07,5.112,48.175,53.11,0.0,0.0,0.0,0.0,0.0,2020,7,7
696,2020-07-08,10.138,20.062,23.38,0.0,0.0,0.0,0.0,0.0,2020,7,8
697,2020-07-09,12.196,31.483,36.21,0.0,0.0,0.0,0.0,0.0,2020,7,9
698,2020-07-10,5.915,54.078,59.4,0.0,0.0,0.0,0.0,0.0,2020,7,10
699,2020-07-11,7.794,8.688,11.42,0.0,0.0,0.0,0.0,0.0,2020,7,11
700,2020-07-12,7.109,47.268,52.04,0.0,0.0,0.0,0.0,0.0,2020,7,12
701,2020-07-13,10.135,33.455,38.09,0.0,0.0,0.0,0.0,0.0,2020,7,13
702,2020-07-14,8.858,62.078,66.53,0.0,0.0,0.0,0.0,0.0,2020,7,14
703,2020-07-15,6.977,40.856,45.33,0.0,0.0,0.0,0.0,0.0,2020,7,15
704,2020-07-16,2.09,26.518,27.52,0.0,0.0,0.0,0.0,0.0,2020,7,16
705,2020-07-17,1.556,45.007,46.43,0.0,0.0,0.0,0.0,0.0,2020,7,17
706,2020-07-18,1.627,54.617,56.18,0.0,0.0,0.0,0.0,0.0,2020,7,18
707,2020-07-19,1.585,31.199,32.35,0.0,0.0,0.0,0.0,0.0,2020,7,19
708,2020-07-20,1.694,42.393,43.61,0.0,0.0,0.0,0.0,0.0,2020,7,20
709,2020-07-21,1.532,46.946,48.42,0.0,0.0,0.0,0.0,0.0,2020,7,21
710,2020-07-22,1.566,64.172,65.96,0.0,0.0,0.0,0.0,0.0,2020,7,22
711,2020-07-23,4.742,40.911,43.74,0.0,0.0,0.0,0.0,0.0,2020,7,23
712,2020-07-24,6.199,51.54,54.45,0.0,0.0,0.0,0.0,0.0,2020,7,24
713,2020-07-25,6.252,50.631,58.1,0.0,0.0,0.0,0.0,0.0,2020,7,25
714,2020-07-26,4.854,34.35,41.68,0.0,0.0,0.0,0.0,0.0,2020,7,26
715,2020-07-27,6.445,52.622,56.01,0.0,0.0,0.0,0.0,0.0,2020,7,27
716,2020-07-28,11.107,49.327,54.74,0.0,0.0,0.0,0.0,0.0,2020,7,28
717,2020-07-29,8.426,46.122,49.41,0.0,0.0,0.0,0.0,0.0,2020,7,29
718,2020-07-30,5.476,61.957,64.4,0.0,0.0,0.0,0.0,0.0,2020,7,30
719,2020-07-31,8.019,59.403,65.36,0.0,0.0,0.0,0.0,0.0,2020,7,31
720,2021-07-01,5.686,36.587,41.76,1.48,1.83,0.0,4.939,1.49214501510574,2021,7,1
721,2021-07-02,4.677,37.493,42.01,1.5,1.359,0.0,3.73,1.30465197621546,2021,7,2
722,2021-07-03,5.856,48.868,55.14,1.5,2.04,0.0,5.96,1.68361581920904,2021,7,3
723,2021-07-04,2.634,60.742,66.99,1.56,1.5,0.0,4.42,1.444444444444444,2021,7,4
724,2021-07-05,6.894,37.062,44.8,1.44,1.64,0.0,4.78,1.551948051948052,2021,7,5
725,2021-07-06,2.955,56.707,61.83,1.68,1.39,0.99,4.31,1.726384364820847,2021,7,6
726,2021-07-07,5.639,51.658,56.23,1.359,1.43,0.0,4.11,1.473646468268196,2021,7,7
727,2021-07-08,3.43,19.115,22.82,0.0,0.0,0.0,0.0,0.0,2021,7,8
728,2021-07-09,6.211,12.128,14.93,2.38,3.15,0.0,8.79,1.589511754068716,2021,7,9
729,2021-07-10,5.609,41.913,47.91,1.9,2.27,0.0,6.44,1.544364508393286,2021,7,10
730,2021-07-11,3.562,47.273,52.31,1.52,1.47,0.0,4.28,1.431438127090301,2021,7,11
731,2021-07-12,4.841,35.104,40.23,1.5,1.5,0.13,4.45,1.526666666666667,2021,7,12
732,2021-07-13,4.517,52.973,59.64,1.58,1.99,0.0,6.43,1.801120448179272,2021,7,13
733,2021-07-14,4.455,31.237,34.42,1.52,1.3,0.0,3.96,1.404255319148936,2021,7,14
734,2021-07-15,5.852,34.329,40.03,1.54,1.85,0.92,5.49,1.890855457227139,2021,7,15
735,2021-07-16,4.125,45.435,48.5,1.54,1.11,0.0,3.44,1.29811320754717,2021,7,16
736,2021-07-17,6.26,50.683,57.77,1.49,1.24,0.0,3.6,1.318681318681319,2021,7,17
737,2021-07-18,3.977,50.806,57.64,1.45,1.5,0.0,4.47,1.515254237288135,2021,7,18
738,2021-07-19,4.827,31.824,35.78,1.42,1.68,0.0,4.57,1.474193548387097,2021,7,19
739,2021-07-20,7.612,45.943,51.32,1.5,1.819,0.0,4.79,1.443205784874962,2021,7,20
740,2021-07-21,4.503,37.06,42.83,1.54,1.68,0.0,4.55,1.413043478260869,2021,7,21
741,2021-07-22,4.821,19.994,23.18,1.64,1.609,0.0,4.44,1.36657433056325,2021,7,22
742,2021-07-23,4.239,36.805,41.91,1.43,1.67,0.0,4.53,1.461290322580645,2021,7,23
743,2021-07-24,2.264,54.194,62.49,1.63,1.28,0.0,3.84,1.319587628865979,2021,7,24
744,2021-07-25,5.055,26.765,31.67,1.87,1.76,0.0,4.82,1.327823691460055,2021,7,25
745,2021-07-26,4.688,41.368,45.29,1.47,1.63,0.0,4.72,1.52258064516129,2021,7,26
746,2021-07-27,4.914,47.065,51.95,1.43,1.96,0.0,5.99,1.766961651917404,2021,7,27
747,2021-07-28,5.231,37.415,41.5,1.54,1.27,0.0,4.14,1.473309608540925,2021,7,28
748,2021-07-29,5.696,44.767,49.33,1.53,1.5,0.0,3.92,1.293729372937294,2021,7,29
749,2021-07-30,4.398,58.082,63.8,1.55,1.54,0.0,4.15,1.343042071197411,2021,7,30
750,2021-07-31,2.915,31.965,34.99,1.52,0.35,0.0,0.95,0.5080213903743315,2021,7,31
751,2022-07-01,7.593,29.792,40.45,1.43,2.83,0.0,7.72,1.812206572769953,2022,7,1
752,2022-07-02,3.947,52.819,56.18,1.58,0.0,0.0,0.0,0.0,2022,7,2
753,2022-07-03,3.181,59.449,63.04,1.79,1.35,0.0,3.36,1.070063694267516,2022,7,3
754,2022-07-04,2.889,36.862,40.03,1.39,1.0,0.0,2.57,1.075313807531381,2022,7,4
755,2022-07-05,2.021,29.927,33.04,1.55,0.0,0.0,0.0,0.0,2022,7,5
756,2022-07-06,3.451,42.713,46.04,1.69,1.44,0.0,3.51,1.121405750798722,2022,7,6
757,2022-07-07,1.961,43.684,46.94,1.609,0.0,0.0,0.0,0.0,2022,7,7
758,2022-07-08,3.149,34.418,37.6,1.37,1.24,0.0,2.98,1.14176245210728,2022,7,8
759,2022-07-09,4.577,49.578,53.89,1.74,3.04,0.09,7.43,1.573221757322176,2022,7,9
760,2022-07-10,6.568,26.663,32.22,1.31,2.18,0.0,4.939,1.415186246418338,2022,7,10
761,2022-07-11,12.672,30.189,38.99,1.37,2.83,0.1,6.38,1.542857142857143,2022,7,11
762,2022-07-12,7.875,44.0,52.8,1.43,2.66,0.0,6.84,1.672371638141809,2022,7,12
763,2022-07-13,4.567,52.498,58.8,1.62,2.95,0.0,7.82,1.711159737417943,2022,7,13
764,2022-07-14,7.033,36.569,42.88,1.6,2.74,0.0,7.17,1.652073732718894,2022,7,14
765,2022-07-15,6.27,41.674,48.52,1.5,3.05,0.0,7.3,1.604395604395604,2022,7,15
766,2022-07-16,7.31,31.011,39.03,1.569,2.82,0.0,6.78,1.544771018455229,2022,7,16
767,2022-07-17,6.677,57.249,62.95,1.58,2.91,0.0,7.24,1.612472160356347,2022,7,17
768,2022-07-18,4.589,57.761,65.62,1.31,3.13,0.0,8.029,1.808333333333333,2022,7,18
769,2022-07-19,5.524,53.002,62.29,1.34,2.89,0.0,7.82,1.84869976359338,2022,7,19
770,2022-07-20,4.781,56.035,61.41,1.38,1.67,0.0,4.57,1.498360655737705,2022,7,20
771,2022-07-21,5.213,55.563,61.44,1.85,2.74,0.0,8.029,1.749237472766884,2022,7,21
772,2022-07-22,4.972,43.659,54.59,1.69,2.07,0.0,6.44,1.712765957446809,2022,7,22
773,2022-07-23,10.285,24.1,29.85,1.99,2.18,0.0,5.79,1.388489208633094,2022,7,23
774,2022-07-24,3.444,61.463,67.54,1.51,1.81,0.0,4.59,1.382530120481928,2022,7,24
775,2022-07-25,5.46,59.408,64.1,1.51,2.05,0.0,5.04,1.415730337078652,2022,7,25
776,2022-07-26,5.248,20.521,24.51,1.25,1.839,0.0,4.57,1.479443185496925,2022,7,26
777,2022-07-27,5.823,29.193,32.83,1.73,2.96,0.0,7.23,1.541577825159915,2022,7,27
778,2022-07-28,5.061,54.841,64.89,1.63,2.14,0.0,5.58,1.480106100795756,2022,7,28
779,2022-07-29,3.69,29.716,33.73,2.08,1.8,0.0,4.6,1.185567010309278,2022,7,29
780,2022-07-30,13.618,9.438,13.02,3.96,2.469,9.06,6.39,2.40317312179188,2022,7,30
781,2022-07-31,7.619,37.894,44.33,0.0,0.0,0.0,0.0,0.0,2022,7,31
782,2020-08-01,7.8,51.235,62.89,0.0,0.0,0.0,0.0,0.0,2020,8,1
783,2020-08-02,4.67,49.555,53.92,0.0,0.0,0.0,0.0,0.0,2020,8,2
784,2020-08-03,9.916,3.672,5.16,0.0,0.0,0.0,0.0,0.0,2020,8,3
785,2020-08-04,7.227,5.61,6.9,0.0,0.0,0.0,0.0,0.0,2020,8,4
786,2020-08-05,8.5,58.541,64.79,0.0,0.0,0.0,0.0,0.0,2020,8,5
787,2020-08-06,7.667,45.606,0.0,0.0,0.0,0.0,0.0,0.0,2020,8,6
788,2020-08-07,6.452,53.777,56.56,0.0,0.0,0.0,0.0,0.0,2020,8,7
789,2020-08-08,6.605,37.31,43.34,0.0,0.0,0.0,0.0,0.0,2020,8,8
790,2020-08-09,9.317,35.207,44.1,0.0,0.0,0.0,0.0,0.0,2020,8,9
791,2020-08-10,7.7,42.965,45.58,0.0,0.0,0.0,0.0,0.0,2020,8,10
792,2020-08-11,10.109,47.0,50.29,0.0,0.0,0.0,0.0,0.0,2020,8,11
793,2020-08-12,7.674,55.926,60.12,0.0,0.0,0.0,0.0,0.0,2020,8,12
794,2020-08-13,2.702,52.021,57.68,0.0,0.0,0.0,0.0,0.0,2020,8,13
795,2020-08-14,4.123,40.371,42.78,0.0,0.0,0.0,0.0,0.0,2020,8,14
796,2020-08-15,6.532,25.14,27.7,0.0,0.0,0.0,0.0,0.0,2020,8,15
797,2020-08-16,7.382,47.808,54.45,0.0,0.0,0.0,0.0,0.0,2020,8,16
798,2020-08-17,7.218,46.169,48.66,0.0,0.0,0.0,0.0,0.0,2020,8,17
799,2020-08-18,7.48,28.018,27.98,0.0,0.0,0.0,0.0,0.0,2020,8,18
800,2020-08-19,7.57,19.456,20.83,0.0,0.0,0.0,0.0,0.0,2020,8,19
801,2020-08-20,6.405,54.172,56.69,0.0,0.0,0.0,0.0,0.0,2020,8,20
802,2020-08-21,5.211,54.721,58.16,0.0,0.0,0.0,0.0,0.0,2020,8,21
803,2020-08-22,8.239,21.281,26.16,0.0,0.0,0.0,0.0,0.0,2020,8,22
804,2020-08-23,7.255,37.223,42.42,0.0,0.0,0.0,0.0,0.0,2020,8,23
805,2020-08-24,7.699,44.593,46.78,0.0,0.0,0.0,0.0,0.0,2020,8,24
806,2020-08-25,6.71,50.9,49.7,0.0,0.0,0.0,0.0,0.0,2020,8,25
807,2020-08-26,5.347,32.813,0.0,0.0,0.0,0.0,0.0,0.0,2020,8,26
808,2020-08-27,5.681,28.754,30.89,0.0,0.0,0.0,0.0,0.0,2020,8,27
809,2020-08-28,5.361,51.211,55.62,0.0,0.0,0.0,0.0,0.0,2020,8,28
810,2020-08-29,14.36,15.152,18.14,0.0,0.0,0.0,0.0,0.0,2020,8,29
811,2020-08-30,11.124,7.437,9.27,0.0,0.0,0.0,0.0,0.0,2020,8,30
812,2020-08-31,6.504,17.155,18.43,0.0,0.0,0.0,0.0,0.0,2020,8,31
813,2021-08-01,1.598,9.667,11.59,1.49,0.0,0.0,0.0,0.0,2021,8,1
814,2021-08-02,1.578,35.538,37.76,1.69,0.0,0.0,0.0,0.0,2021,8,2
815,2021-08-03,2.833,42.546,44.78,1.609,1.35,0.0,3.61,1.220006759040216,2021,8,3
816,2021-08-04,1.562,33.814,35.97,1.56,0.0,0.0,0.0,0.0,2021,8,4
817,2021-08-05,2.635,11.412,13.49,1.56,1.23,0.0,3.56,1.275985663082437,2021,8,5
818,2021-08-06,1.561,31.839,33.98,1.54,0.0,0.0,0.0,0.0,2021,8,6
819,2021-08-07,1.552,53.213,56.63,2.21,1.04,0.0,3.12,0.9600000000000001,2021,8,7
820,2021-08-08,3.044,37.623,39.76,1.58,1.0,0.0,2.75,1.065891472868217,2021,8,8
821,2021-08-09,8.307,47.273,57.54,1.49,1.68,0.0,4.62,1.457413249211357,2021,8,9
822,2021-08-10,5.625,42.646,47.48,1.7,1.95,0.12,5.09,1.427397260273973,2021,8,10
823,2021-08-11,3.853,50.394,56.46,1.35,1.5,0.0,3.87,1.357894736842105,2021,8,11
824,2021-08-12,3.419,49.662,55.09,1.609,1.53,0.0,4.23,1.347562918126792,2021,8,12
825,2021-08-13,4.321,46.342,52.28,1.569,1.8,0.0,5.17,1.53457999406352,2021,8,13
826,2021-08-14,7.248,44.768,53.6,1.37,2.24,0.0,6.76,1.872576177285319,2021,8,14
827,2021-08-15,7.978,41.463,55.39,1.56,1.9,0.0,5.42,1.566473988439306,2021,8,15
828,2021-08-16,5.099,39.791,44.56,1.53,2.11,0.0,6.16,1.692307692307692,2021,8,16
829,2021-08-17,5.889,14.649,16.95,1.51,2.18,0.0,5.41,1.466124661246613,2021,8,17
830,2021-08-18,6.164,38.765,43.89,1.55,1.67,0.0,4.45,1.381987577639751,2021,8,18
831,2021-08-19,4.337,20.542,23.81,1.5,1.52,0.0,4.13,1.367549668874172,2021,8,19
832,2021-08-20,9.208,18.286,20.72,1.44,1.67,0.0,4.59,1.47588424437299,2021,8,20
833,2021-08-21,2.479,44.922,48.75,1.44,0.91,0.0,2.48,1.05531914893617,2021,8,21
834,2021-08-22,6.638,32.508,36.04,1.41,1.98,0.0,5.62,1.657817109144543,2021,8,22
835,2021-08-23,8.97,17.591,22.33,1.97,2.029,0.0,5.76,1.440360090022506,2021,8,23
836,2021-08-24,5.564,24.116,27.4,1.38,1.9,0.0,4.89,1.490853658536585,2021,8,24
837,2021-08-25,5.301,55.907,59.88,1.78,1.67,0.0,4.66,1.350724637681159,2021,8,25
838,2021-08-26,7.155,26.985,30.9,1.26,1.4,0.0,3.39,1.274436090225564,2021,8,26
839,2021-08-27,4.409,23.72,28.37,1.39,1.81,0.0,4.25,1.328125,2021,8,27
840,2021-08-28,6.755,27.031,31.72,1.43,3.4,0.0,9.57,1.981366459627329,2021,8,28
841,2021-08-29,5.452,24.039,27.82,1.54,0.95,0.81,2.35,1.269076305220884,2021,8,29
842,2021-08-30,12.329,13.429,17.9,5.91,1.71,20.47,4.42,3.266404199475065,2021,8,30
843,2021-08-31,15.194,3.755,6.63,0.0,0.0,0.0,0.0,0.0,2021,8,31
844,2022-08-01,6.615,33.982,40.99,1.49,2.13,0.0,5.09,1.406077348066298,2022,8,1
845,2022-08-02,3.664,54.225,59.77,1.359,2.09,0.0,5.49,1.591765729196869,2022,8,2
846,2022-08-03,5.926,53.449,58.67,1.73,1.87,0.0,5.17,1.436111111111111,2022,8,3
847,2022-08-04,4.346,54.471,59.91,1.65,1.54,0.11,4.26,1.369905956112853,2022,8,4
848,2022-08-05,4.206,49.163,60.21,1.69,0.74,0.0,2.21,0.9094650205761317,2022,8,5
849,2022-08-06,9.447,27.489,33.13,1.87,1.92,0.05,4.52,1.205804749340369,2022,8,6
850,2022-08-07,5.138,53.891,62.85,1.5,3.1,0.0,7.47,1.623913043478261,2022,8,7
851,2022-08-08,5.609,50.74,54.97,1.44,1.79,0.0,4.0,1.238390092879257,2022,8,8
852,2022-08-09,10.038,34.589,43.7,1.48,3.59,0.0,9.28,1.830374753451676,2022,8,9
853,2022-08-10,3.753,47.41,52.29,1.55,1.609,0.0,3.92,1.240899018676797,2022,8,10
854,2022-08-11,4.933,48.091,52.51,1.51,2.33,0.0,5.43,1.4140625,2022,8,11
855,2022-08-12,5.044,52.546,59.12,1.45,2.4,0.0,6.2,1.61038961038961,2022,8,12
856,2022-08-13,10.873,13.917,18.91,1.2,3.34,0.0,8.77,1.931718061674009,2022,8,13
857,2022-08-14,3.1,31.515,34.91,1.99,0.78,0.0,1.99,0.7184115523465704,2022,8,14
858,2022-08-15,5.054,46.247,53.29,1.42,2.62,0.0,7.47,1.849009900990099,2022,8,15
859,2022-08-16,6.058,53.994,60.65,1.49,2.29,0.04,6.39,1.701058201058201,2022,8,16
860,2022-08-17,5.23,52.011,57.83,1.64,1.839,0.0,5.17,1.486059212417361,2022,8,17
861,2022-08-18,6.017,49.9,57.69,1.359,2.46,0.11,6.87,1.827703587326525,2022,8,18
862,2022-08-19,7.759,33.706,41.93,1.26,1.58,0.0,4.4,1.549295774647887,2022,8,19
863,2022-08-20,8.807,23.07,28.27,1.32,2.0,0.0,5.64,1.698795180722892,2022,8,20
864,2022-08-21,9.762,2.483,4.95,0.99,1.9,0.0,4.49,1.55363321799308,2022,8,21
865,2022-08-22,11.725,2.343,5.26,1.4,1.839,0.0,4.49,1.386230317999383,2022,8,22
866,2022-08-23,7.352,6.004,9.48,1.38,1.83,0.0,4.939,1.538629283489097,2022,8,23
867,2022-08-24,8.272,18.197,22.25,1.48,2.25,0.0,5.84,1.5656836461126,2022,8,24
868,2022-08-25,6.001,41.256,46.47,1.58,1.5,0.0,4.4,1.428571428571429,2022,8,25
869,2022-08-26,5.615,50.952,56.83,1.589,1.589,0.0,4.47,1.406544996853367,2022,8,26
870,2022-08-27,2.933,41.308,46.78,1.3,0.87,0.0,2.17,1.0,2022,8,27
871,2022-08-28,4.037,20.531,24.17,1.4,2.08,0.0,5.76,1.655172413793103,2022,8,28
872,2022-08-29,4.717,51.947,60.64,1.35,2.13,0.0,5.12,1.471264367816092,2022,8,29
873,2022-08-30,4.861,41.577,45.95,1.56,1.39,0.0,3.7,1.254237288135593,2022,8,30
874,2022-08-31,12.544,22.604,26.7,0.0,0.0,0.0,0.0,0.0,2022,8,31
875,2020-09-01,6.517,41.944,6.34,0.0,0.0,0.0,0.0,0.0,2020,9,1
876,2020-09-02,9.224,36.389,44.28,0.0,0.0,0.0,0.0,0.0,2020,9,2
877,2020-09-03,6.259,18.655,38.96,0.0,0.0,0.0,0.0,0.0,2020,9,3
878,2020-09-04,12.254,31.543,20.54,0.0,0.0,0.0,0.0,0.0,2020,9,4
879,2020-09-05,8.812,39.895,34.47,0.0,0.0,0.0,0.0,0.0,2020,9,5
880,2020-09-06,7.14,40.379,43.59,0.0,0.0,0.0,0.0,0.0,2020,9,6
881,2020-09-07,7.358,52.581,44.58,0.0,0.0,0.0,0.0,0.0,2020,9,7
882,2020-09-08,6.234,54.067,55.59,0.0,0.0,0.0,0.0,0.0,2020,9,8
883,2020-09-09,5.922,43.51,55.68,0.0,0.0,0.0,0.0,0.0,2020,9,9
884,2020-09-10,8.383,52.104,45.89,0.0,0.0,0.0,0.0,0.0,2020,9,10
885,2020-09-11,12.193,43.322,56.32,0.0,0.0,0.0,0.0,0.0,2020,9,11
886,2020-09-12,8.192,42.994,52.52,0.0,0.0,0.0,0.0,0.0,2020,9,12
887,2020-09-13,6.499,47.302,48.19,0.0,0.0,0.0,0.0,0.0,2020,9,13
888,2020-09-14,7.604,48.738,50.55,0.0,0.0,0.0,0.0,0.0,2020,9,14
889,2020-09-15,7.501,48.738,51.39,0.0,0.0,0.0,0.0,0.0,2020,9,15
890,2020-09-16,8.078,46.15,48.56,0.0,0.0,0.0,0.0,0.0,2020,9,16
891,2020-09-17,7.648,42.615,45.2,0.0,0.0,0.0,0.0,0.0,2020,9,17
892,2020-09-18,6.403,50.647,55.63,0.0,0.0,0.0,0.0,0.0,2020,9,18
893,2020-09-19,7.368,42.844,50.27,0.0,0.0,0.0,0.0,0.0,2020,9,19
894,2020-09-20,9.012,41.606,46.45,0.0,0.0,0.0,0.0,0.0,2020,9,20
895,2020-09-21,14.235,42.224,49.83,0.0,0.0,0.0,0.0,0.0,2020,9,21
896,2020-09-22,8.289,45.612,49.04,0.0,0.0,0.0,0.0,0.0,2020,9,22
897,2020-09-23,10.166,37.444,41.63,0.0,0.0,0.0,0.0,0.0,2020,9,23
898,2020-09-24,10.491,35.322,39.25,0.0,0.0,0.0,0.0,0.0,2020,9,24
899,2020-09-25,12.915,3.57,4.9,0.0,0.0,0.0,0.0,0.0,2020,9,25
900,2020-09-26,23.055,5.816,8.09,0.0,0.0,0.0,0.0,0.0,2020,9,26
901,2020-09-27,13.348,16.687,19.74,0.0,0.0,0.0,0.0,0.0,2020,9,27
902,2020-09-28,15.471,6.402,8.38,0.0,0.0,0.0,0.0,0.0,2020,9,28
903,2020-09-29,12.121,3.384,4.24,0.0,0.0,0.0,0.0,0.0,2020,9,29
904,2020-09-30,10.239,22.085,24.78,0.0,0.0,0.0,0.0,0.0,2020,9,30
905,2021-09-01,6.489,38.296,44.54,3.81,1.03,9.52,2.73,2.53099173553719,2021,9,1
906,2021-09-02,6.844,45.091,53.02,1.359,2.23,0.0,6.05,1.685706324881583,2021,9,2
907,2021-09-03,5.905,48.32,55.36,1.48,2.43,0.0,6.45,1.649616368286445,2021,9,3
908,2021-09-04,6.315,42.681,51.61,4.3,2.52,11.83,6.87,2.741935483870968,2021,9,4
909,2021-09-05,7.494,55.754,61.4,1.359,2.57,0.0,6.44,1.639093917027234,2021,9,5
910,2021-09-06,4.77,54.42,59.01,1.64,2.19,0.0,5.49,1.433420365535248,2021,9,6
911,2021-09-07,10.063,27.322,34.8,1.91,2.58,0.0,7.29,1.623608017817372,2021,9,7
912,2021-09-08,4.175,52.075,55.34,1.56,0.0,0.0,0.0,0.0,2021,9,8
913,2021-09-09,3.513,55.839,58.86,1.62,1.2,0.0,2.99,1.060283687943262,2021,9,9
914,2021-09-10,2.52,52.514,55.84,1.53,0.5,0.0,1.25,0.6157635467980296,2021,9,10
915,2021-09-11,2.516,44.477,47.29,1.71,0.0,0.0,0.0,0.0,2021,9,11
916,2021-09-12,4.452,34.93,37.62,1.569,1.37,0.0,4.25,1.446070091867982,2021,9,12
917,2021-09-13,8.737,27.274,34.47,1.44,1.859,0.0,5.34,1.618672324946954,2021,9,13
918,2021-09-14,7.528,38.595,45.18,1.35,1.68,0.0,4.64,1.531353135313531,2021,9,14
919,2021-09-15,4.473,37.288,41.81,1.28,1.63,0.0,4.16,1.429553264604811,2021,9,15
920,2021-09-16,6.592,6.776,9.83,1.26,1.89,0.0,5.49,1.742857142857143,2021,9,16
921,2021-09-17,8.167,8.479,11.69,1.88,2.28,0.0,5.78,1.389423076923077,2021,9,17
922,2021-09-18,13.54,6.596,13.81,4.31,3.39,12.55,8.68,2.757142857142857,2021,9,18
923,2021-09-19,7.358,15.456,19.17,1.24,1.94,0.0,4.47,1.40566037735849,2021,9,19
924,2021-09-20,17.2,9.267,13.22,11.89,2.74,37.59,6.46,3.010936431989063,2021,9,20
925,2021-09-21,14.328,13.647,20.63,6.21,1.8,16.23,4.17,2.546816479400749,2021,9,21
926,2021-09-22,10.994,10.258,14.67,7.07,1.93,19.29,4.48,2.641111111111111,2021,9,22
927,2021-09-23,12.154,26.295,30.57,6.35,3.87,18.56,9.3,2.726027397260274,2021,9,23
928,2021-09-24,11.343,16.79,22.38,1.23,3.17,0.0,7.17,1.629545454545454,2021,9,24
929,2021-09-25,7.118,10.65,13.82,4.43,1.1,13.91,2.75,3.012658227848101,2021,9,25
930,2021-09-26,9.044,32.549,37.84,1.24,3.86,0.0,9.69,1.9,2021,9,26
931,2021-09-27,8.124,20.647,24.69,1.47,2.23,0.0,5.43,1.467567567567567,2021,9,27
932,2021-09-28,10.285,22.431,26.9,1.34,3.28,0.0,7.97,1.725108225108225,2021,9,28
933,2021-09-29,8.368,26.739,30.51,1.46,2.19,0.0,5.02,1.375342465753425,2021,9,29
934,2021-09-30,10.705,39.923,45.87,6.78,2.59,21.39,5.43,2.862326574172892,2021,9,30
935,2022-09-01,7.871,42.929,52.33,4.11,2.84,12.68,6.3,2.730935251798561,2022,9,1
936,2022-09-02,5.749,36.788,41.84,1.11,2.23,0.0,5.27,1.577844311377245,2022,9,2
937,2022-09-03,6.786,38.276,45.28,1.11,3.91,0.0,9.22,1.836653386454184,2022,9,3
938,2022-09-04,4.549,42.829,48.02,1.12,2.73,0.0,7.1,1.844155844155844,2022,9,4
939,2022-09-05,10.362,44.931,54.28,1.11,3.14,0.0,7.26,1.708235294117647,2022,9,5
940,2022-09-06,5.722,31.062,34.74,1.07,1.96,0.0,5.14,1.696369636963696,2022,9,6
941,2022-09-07,4.636,49.031,55.36,1.09,2.21,0.0,5.72,1.733333333333333,2022,9,7
942,2022-09-08,4.773,30.592,34.9,0.0,0.0,0.0,0.0,0.0,2022,9,8
943,2022-09-09,7.124,22.131,25.24,1.569,2.7,0.61,7.12,1.810728507847271,2022,9,9
944,2022-09-10,7.729,25.396,29.26,2.0,2.08,0.0,5.14,1.259803921568627,2022,9,10
945,2022-09-11,9.655,13.797,17.76,1.29,2.18,0.0,5.3,1.527377521613833,2022,9,11
946,2022-09-12,5.484,24.154,28.33,1.28,1.95,0.0,4.49,1.390092879256966,2022,9,12
947,2022-09-13,6.594,10.334,13.97,1.25,1.93,0.0,4.66,1.465408805031446,2022,9,13
948,2022-09-14,12.172,12.83,17.5,1.39,2.59,0.0,6.79,1.706030150753769,2022,9,14
949,2022-09-15,7.406,15.902,19.4,1.78,2.14,0.0,4.97,1.267857142857143,2022,9,15
950,2022-09-16,4.645,32.481,36.82,1.42,2.06,0.0,4.55,1.307471264367816,2022,9,16
951,2022-09-17,11.274,8.615,0.0,1.48,2.39,0.0,5.25,1.356589147286822,2022,9,17
952,2022-09-18,7.016,15.185,18.52,1.63,2.54,1.29,5.64,1.661870503597122,2022,9,18
953,2022-09-19,24.102,9.696,0.0,16.129,2.91,54.73,5.96,3.187667419507327,2022,9,19
954,2022-09-20,15.863,19.259,14.01,7.67,3.27,24.0,6.83,2.818098720292505,2022,9,20
955,2022-09-21,10.844,18.108,0.0,8.14,2.2,23.66,4.6,2.733075435203095,2022,9,21
956,2022-09-22,9.436,31.779,0.0,8.57,2.22,23.31,4.52,2.579240037071362,2022,9,22
957,2022-09-23,16.631,32.504,0.0,6.98,4.15,18.02,8.81,2.410601976639712,2022,9,23
958,2022-09-24,12.491,32.55,38.86,3.11,3.02,6.689,6.19,2.100978792822186,2022,9,24
959,2022-09-25,6.653,38.105,43.81,1.25,2.92,0.0,5.98,1.434052757793765,2022,9,25
960,2022-09-26,11.418,13.071,19.46,9.48,2.3,30.6,5.06,3.027164685908319,2022,9,26
961,2022-09-27,13.611,2.564,6.55,6.689,3.56,22.1,7.36,2.874426773343741,2022,9,27
962,2022-09-28,11.994,17.938,21.43,9.04,2.8,25.76,5.16,2.611486486486487,2022,9,28
963,2022-09-29,17.467,32.052,41.35,11.04,2.66,31.31,5.52,2.688321167883212,2022,9,29
964,2022-09-30,8.62,12.035,0.0,5.3,4.26,14.91,8.7,2.469665271966527,2022,9,30
